This is pdfTeX, Version 3.141592653-2.6-1.40.29 (TeX Live 2026/Homebrew) (preloaded format=pdflatex 2026.3.4)  3 AUG 2026 07:48
entering extended mode
 restricted \write18 enabled.
 %&-line parsing enabled.
**ams_book.tex
(./ams_book.tex
LaTeX2e <2025-11-01>
L3 programming layer <2026-01-19>

(/opt/homebrew/Cellar/texlive/20260301/share/texmf-dist/tex/latex/base/book.cls
Document Class: book 2025/01/22 v1.4n Standard LaTeX document class

(/opt/homebrew/Cellar/texlive/20260301/share/texmf-dist/tex/latex/base/bk11.clo
File: bk11.clo 2025/01/22 v1.4n Standard LaTeX file (size option)
)
\c@part=\count275
\c@chapter=\count276
\c@section=\count277
\c@subsection=\count278
\c@subsubsection=\count279
\c@paragraph=\count280
\c@subparagraph=\count281
\c@figure=\count282
\c@table=\count283
\abovecaptionskip=\skip49
\belowcaptionskip=\skip50
\bibindent=\dimen148
)
(/opt/homebrew/Cellar/texlive/20260301/share/texmf-dist/tex/latex/base/inputenc
.sty
Package: inputenc 2024/02/08 v1.3d Input encoding file
\inpenc@prehook=\toks17
\inpenc@posthook=\toks18
)
(/opt/homebrew/Cellar/texlive/20260301/share/texmf-dist/tex/latex/base/fontenc.
sty
Package: fontenc 2025/07/18 v2.1d Standard LaTeX package
)
(/opt/homebrew/Cellar/texlive/20260301/share/texmf-dist/tex/latex/lm/lmodern.st
y
Package: lmodern 2015/05/01 v1.6.1 Latin Modern Fonts
LaTeX Font Info:    Overwriting symbol font `operators' in version `normal'
(Font)                  OT1/cmr/m/n --> OT1/lmr/m/n on input line 22.
LaTeX Font Info:    Overwriting symbol font `letters' in version `normal'
(Font)                  OML/cmm/m/it --> OML/lmm/m/it on input line 23.
LaTeX Font Info:    Overwriting symbol font `symbols' in version `normal'
(Font)                  OMS/cmsy/m/n --> OMS/lmsy/m/n on input line 24.
LaTeX Font Info:    Overwriting symbol font `largesymbols' in version `normal'
(Font)                  OMX/cmex/m/n --> OMX/lmex/m/n on input line 25.
LaTeX Font Info:    Overwriting symbol font `operators' in version `bold'
(Font)                  OT1/cmr/bx/n --> OT1/lmr/bx/n on input line 26.
LaTeX Font Info:    Overwriting symbol font `letters' in version `bold'
(Font)                  OML/cmm/b/it --> OML/lmm/b/it on input line 27.
LaTeX Font Info:    Overwriting symbol font `symbols' in version `bold'
(Font)                  OMS/cmsy/b/n --> OMS/lmsy/b/n on input line 28.
LaTeX Font Info:    Overwriting symbol font `largesymbols' in version `bold'
(Font)                  OMX/cmex/m/n --> OMX/lmex/m/n on input line 29.
LaTeX Font Info:    Overwriting math alphabet `\mathbf' in version `normal'
(Font)                  OT1/cmr/bx/n --> OT1/lmr/bx/n on input line 31.
LaTeX Font Info:    Overwriting math alphabet `\mathsf' in version `normal'
(Font)                  OT1/cmss/m/n --> OT1/lmss/m/n on input line 32.
LaTeX Font Info:    Overwriting math alphabet `\mathit' in version `normal'
(Font)                  OT1/cmr/m/it --> OT1/lmr/m/it on input line 33.
LaTeX Font Info:    Overwriting math alphabet `\mathtt' in version `normal'
(Font)                  OT1/cmtt/m/n --> OT1/lmtt/m/n on input line 34.
LaTeX Font Info:    Overwriting math alphabet `\mathbf' in version `bold'
(Font)                  OT1/cmr/bx/n --> OT1/lmr/bx/n on input line 35.
LaTeX Font Info:    Overwriting math alphabet `\mathsf' in version `bold'
(Font)                  OT1/cmss/bx/n --> OT1/lmss/bx/n on input line 36.
LaTeX Font Info:    Overwriting math alphabet `\mathit' in version `bold'
(Font)                  OT1/cmr/bx/it --> OT1/lmr/bx/it on input line 37.
LaTeX Font Info:    Overwriting math alphabet `\mathtt' in version `bold'
(Font)                  OT1/cmtt/m/n --> OT1/lmtt/m/n on input line 38.
)
(/opt/homebrew/Cellar/texlive/20260301/share/texmf-dist/tex/latex/microtype/mic
rotype.sty
Package: microtype 2026/03/01 v3.2d Micro-typographical refinements (RS)

(/opt/homebrew/Cellar/texlive/20260301/share/texmf-dist/tex/latex/graphics/keyv
al.sty
Package: keyval 2022/05/29 v1.15 key=value parser (DPC)
\KV@toks@=\toks19
)
(/opt/homebrew/Cellar/texlive/20260301/share/texmf-dist/tex/latex/etoolbox/etoo
lbox.sty
Package: etoolbox 2025/10/02 v2.5m e-TeX tools for LaTeX (JAW)
\etb@tempcnta=\count284
)
\MT@toks=\toks20
\MT@tempbox=\box53
\MT@count=\count285
LaTeX Info: Redefining \noprotrusionifhmode on input line 1084.
LaTeX Info: Redefining \leftprotrusion on input line 1085.
\MT@prot@toks=\toks21
LaTeX Info: Redefining \rightprotrusion on input line 1104.
LaTeX Info: Redefining \textls on input line 1449.
\MT@outer@kern=\dimen149
LaTeX Info: Redefining \microtypecontext on input line 2053.
LaTeX Info: Redefining \textmicrotypecontext on input line 2070.
\MT@listname@count=\count286

(/opt/homebrew/Cellar/texlive/20260301/share/texmf-dist/tex/latex/microtype/mic
rotype-pdftex.def
File: microtype-pdftex.def 2026/03/01 v3.2d Definitions specific to pdftex (RS)

LaTeX Info: Redefining \lsstyle on input line 944.
LaTeX Info: Redefining \lslig on input line 944.
\MT@outer@space=\skip51
)
Package microtype Info: Loading configuration file microtype.cfg.

(/opt/homebrew/Cellar/texlive/20260301/share/texmf-dist/tex/latex/microtype/mic
rotype.cfg
File: microtype.cfg 2026/03/01 v3.2d microtype main configuration file (RS)
)
LaTeX Info: Redefining \microtypesetup on input line 3065.
)
(/opt/homebrew/Cellar/texlive/20260301/share/texmf-dist/tex/latex/amsmath/amsma
th.sty
Package: amsmath 2025/07/09 v2.17z AMS math features
\@mathmargin=\skip52

For additional information on amsmath, use the `?' option.

(/opt/homebrew/Cellar/texlive/20260301/share/texmf-dist/tex/latex/amsmath/amste
xt.sty
Package: amstext 2024/11/17 v2.01 AMS text

(/opt/homebrew/Cellar/texlive/20260301/share/texmf-dist/tex/latex/amsmath/amsge
n.sty
File: amsgen.sty 1999/11/30 v2.0 generic functions
\@emptytoks=\toks22
\ex@=\dimen150
))
(/opt/homebrew/Cellar/texlive/20260301/share/texmf-dist/tex/latex/amsmath/amsbs
y.sty
Package: amsbsy 1999/11/29 v1.2d Bold Symbols
\pmbraise@=\dimen151
)
(/opt/homebrew/Cellar/texlive/20260301/share/texmf-dist/tex/latex/amsmath/amsop
n.sty
Package: amsopn 2022/04/08 v2.04 operator names
)
\inf@bad=\count287
LaTeX Info: Redefining \frac on input line 233.
\uproot@=\count288
\leftroot@=\count289
LaTeX Info: Redefining \overline on input line 398.
LaTeX Info: Redefining \colon on input line 409.
\classnum@=\count290
\DOTSCASE@=\count291
LaTeX Info: Redefining \ldots on input line 495.
LaTeX Info: Redefining \dots on input line 498.
LaTeX Info: Redefining \cdots on input line 619.
\Mathstrutbox@=\box54
\strutbox@=\box55
LaTeX Info: Redefining \big on input line 721.
LaTeX Info: Redefining \Big on input line 722.
LaTeX Info: Redefining \bigg on input line 723.
LaTeX Info: Redefining \Bigg on input line 724.
\big@size=\dimen152
LaTeX Font Info:    Redeclaring font encoding OML on input line 742.
LaTeX Font Info:    Redeclaring font encoding OMS on input line 743.
\macc@depth=\count292
LaTeX Info: Redefining \bmod on input line 904.
LaTeX Info: Redefining \pmod on input line 909.
LaTeX Info: Redefining \smash on input line 939.
LaTeX Info: Redefining \relbar on input line 969.
LaTeX Info: Redefining \Relbar on input line 970.
\c@MaxMatrixCols=\count293
\dotsspace@=\muskip17
\c@parentequation=\count294
\dspbrk@lvl=\count295
\tag@help=\toks23
\row@=\count296
\column@=\count297
\maxfields@=\count298
\andhelp@=\toks24
\eqnshift@=\dimen153
\alignsep@=\dimen154
\tagshift@=\dimen155
\tagwidth@=\dimen156
\totwidth@=\dimen157
\lineht@=\dimen158
\@envbody=\toks25
\multlinegap=\skip53
\multlinetaggap=\skip54
\mathdisplay@stack=\toks26
LaTeX Info: Redefining \[ on input line 2950.
LaTeX Info: Redefining \] on input line 2951.
)
(/opt/homebrew/Cellar/texlive/20260301/share/texmf-dist/tex/latex/amsfonts/amss
ymb.sty
Package: amssymb 2013/01/14 v3.01 AMS font symbols

(/opt/homebrew/Cellar/texlive/20260301/share/texmf-dist/tex/latex/amsfonts/amsf
onts.sty
Package: amsfonts 2013/01/14 v3.01 Basic AMSFonts support
\symAMSa=\mathgroup4
\symAMSb=\mathgroup5
LaTeX Font Info:    Redeclaring math symbol \hbar on input line 98.
LaTeX Font Info:    Overwriting math alphabet `\mathfrak' in version `bold'
(Font)                  U/euf/m/n --> U/euf/b/n on input line 106.
))
(/opt/homebrew/Cellar/texlive/20260301/share/texmf-dist/tex/latex/amscls/amsthm
.sty
Package: amsthm 2020/05/29 v2.20.6
\thm@style=\toks27
\thm@bodyfont=\toks28
\thm@headfont=\toks29
\thm@notefont=\toks30
\thm@headpunct=\toks31
\thm@preskip=\skip55
\thm@postskip=\skip56
\thm@headsep=\skip57
\dth@everypar=\toks32
)
(/opt/homebrew/Cellar/texlive/20260301/share/texmf-dist/tex/latex/mathtools/mat
htools.sty
Package: mathtools 2024/10/04 v1.31 mathematical typesetting tools

(/opt/homebrew/Cellar/texlive/20260301/share/texmf-dist/tex/latex/tools/calc.st
y
Package: calc 2025/03/01 v4.3b Infix arithmetic (KKT,FJ)
\calc@Acount=\count299
\calc@Bcount=\count300
\calc@Adimen=\dimen159
\calc@Bdimen=\dimen160
\calc@Askip=\skip58
\calc@Bskip=\skip59
LaTeX Info: Redefining \setlength on input line 86.
LaTeX Info: Redefining \addtolength on input line 87.
\calc@Ccount=\count301
\calc@Cskip=\skip60
)
(/opt/homebrew/Cellar/texlive/20260301/share/texmf-dist/tex/latex/mathtools/mhs
etup.sty
Package: mhsetup 2021/03/18 v1.4 programming setup (MH)
)
\g_MT_multlinerow_int=\count302
\l_MT_multwidth_dim=\dimen161
\origjot=\skip61
\l_MT_shortvdotswithinadjustabove_dim=\dimen162
\l_MT_shortvdotswithinadjustbelow_dim=\dimen163
\l_MT_above_intertext_sep=\dimen164
\l_MT_below_intertext_sep=\dimen165
\l_MT_above_shortintertext_sep=\dimen166
\l_MT_below_shortintertext_sep=\dimen167
\xmathstrut@box=\box56
\xmathstrut@dim=\dimen168
)
(/opt/homebrew/Cellar/texlive/20260301/share/texmf-dist/tex/latex/tools/bm.sty
Package: bm 2025/10/21 v1.2g Bold Symbol Support (DPC/FMi)
\symboldoperators=\mathgroup6
\symboldletters=\mathgroup7
\symboldsymbols=\mathgroup8
Package bm Info: No bold for \OMX/lmex/m/n, using \pmb.
Package bm Info: No bold for \U/msa/m/n, using \pmb.
Package bm Info: No bold for \U/msb/m/n, using \pmb.
LaTeX Font Info:    Redeclaring math alphabet \mathbf on input line 149.
)
(/opt/homebrew/Cellar/texlive/20260301/share/texmf-dist/tex/latex/graphics/grap
hicx.sty
Package: graphicx 2024/12/31 v1.2e Enhanced LaTeX Graphics (DPC,SPQR)

(/opt/homebrew/Cellar/texlive/20260301/share/texmf-dist/tex/latex/graphics/grap
hics.sty
Package: graphics 2024/08/06 v1.4g Standard LaTeX Graphics (DPC,SPQR)

(/opt/homebrew/Cellar/texlive/20260301/share/texmf-dist/tex/latex/graphics/trig
.sty
Package: trig 2023/12/02 v1.11 sin cos tan (DPC)
)
(/opt/homebrew/Cellar/texlive/20260301/share/texmf-dist/tex/latex/graphics-cfg/
graphics.cfg
File: graphics.cfg 2016/06/04 v1.11 sample graphics configuration
)
Package graphics Info: Driver file: pdftex.def on input line 106.

(/opt/homebrew/Cellar/texlive/20260301/share/texmf-dist/tex/latex/graphics-def/
pdftex.def
File: pdftex.def 2025/09/29 v1.2d Graphics/color driver for pdftex
))
\Gin@req@height=\dimen169
\Gin@req@width=\dimen170
)
(/opt/homebrew/Cellar/texlive/20260301/share/texmf-dist/tex/latex/booktabs/book
tabs.sty
Package: booktabs 2020/01/12 v1.61803398 Publication quality tables
\heavyrulewidth=\dimen171
\lightrulewidth=\dimen172
\cmidrulewidth=\dimen173
\belowrulesep=\dimen174
\belowbottomsep=\dimen175
\aboverulesep=\dimen176
\abovetopsep=\dimen177
\cmidrulesep=\dimen178
\cmidrulekern=\dimen179
\defaultaddspace=\dimen180
\@cmidla=\count303
\@cmidlb=\count304
\@aboverulesep=\dimen181
\@belowrulesep=\dimen182
\@thisruleclass=\count305
\@lastruleclass=\count306
\@thisrulewidth=\dimen183
)
(/opt/homebrew/Cellar/texlive/20260301/share/texmf-dist/tex/latex/algorithms/al
gorithm.sty
Package: algorithm 2009/08/24 v0.1 Document Style `algorithm' - floating enviro
nment

(/opt/homebrew/Cellar/texlive/20260301/share/texmf-dist/tex/latex/float/float.s
ty
Package: float 2001/11/08 v1.3d Float enhancements (AL)
\c@float@type=\count307
\float@exts=\toks33
\float@box=\box57
\@float@everytoks=\toks34
\@floatcapt=\box58
)
(/opt/homebrew/Cellar/texlive/20260301/share/texmf-dist/tex/latex/base/ifthen.s
ty
Package: ifthen 2024/03/16 v1.1e Standard LaTeX ifthen package (DPC)
)
\@float@every@algorithm=\toks35
\c@algorithm=\count308
)
(/opt/homebrew/Cellar/texlive/20260301/share/texmf-dist/tex/latex/algorithmicx/
algpseudocode.sty
Package: algpseudocode 

(/opt/homebrew/Cellar/texlive/20260301/share/texmf-dist/tex/latex/algorithmicx/
algorithmicx.sty
Package: algorithmicx 2005/04/27 v1.2 Algorithmicx

Document Style algorithmicx 1.2 - a greatly improved `algorithmic' style
\c@ALG@line=\count309
\c@ALG@rem=\count310
\c@ALG@nested=\count311
\ALG@tlm=\skip62
\ALG@thistlm=\skip63
\c@ALG@Lnr=\count312
\c@ALG@blocknr=\count313
\c@ALG@storecount=\count314
\c@ALG@tmpcounter=\count315
\ALG@tmplength=\skip64
)
Document Style - pseudocode environments for use with the `algorithmicx' style
)
(/opt/homebrew/Cellar/texlive/20260301/share/texmf-dist/tex/latex/listings/list
ings.sty
\lst@mode=\count316
\lst@gtempboxa=\box59
\lst@token=\toks36
\lst@length=\count317
\lst@currlwidth=\dimen184
\lst@column=\count318
\lst@pos=\count319
\lst@lostspace=\dimen185
\lst@width=\dimen186
\lst@newlines=\count320
\lst@lineno=\count321
\lst@maxwidth=\dimen187

(/opt/homebrew/Cellar/texlive/20260301/share/texmf-dist/tex/latex/listings/lstp
atch.sty
File: lstpatch.sty 2025/11/14 1.11b (Carsten Heinz)
)
(/opt/homebrew/Cellar/texlive/20260301/share/texmf-dist/tex/latex/listings/lstm
isc.sty
File: lstmisc.sty 2025/11/14 1.11b (Carsten Heinz)
\c@lstnumber=\count322
\lst@skipnumbers=\count323
\lst@framebox=\box60
)
(/opt/homebrew/Cellar/texlive/20260301/share/texmf-dist/tex/latex/listings/list
ings.cfg
File: listings.cfg 2025/11/14 1.11b listings configuration
))
Package: listings 2025/11/14 1.11b (Carsten Heinz)

==> First Aid for listings.sty no longer applied!
    Expected:
        2024/09/23 1.10c (Carsten Heinz)
    but found:
        2025/11/14 1.11b (Carsten Heinz)
    so I'm assuming it got fixed.

(/opt/homebrew/Cellar/texlive/20260301/share/texmf-dist/tex/latex/xcolor/xcolor
.sty
Package: xcolor 2024/09/29 v3.02 LaTeX color extensions (UK)

(/opt/homebrew/Cellar/texlive/20260301/share/texmf-dist/tex/latex/graphics-cfg/
color.cfg
File: color.cfg 2016/01/02 v1.6 sample color configuration
)
Package xcolor Info: Driver file: pdftex.def on input line 274.

(/opt/homebrew/Cellar/texlive/20260301/share/texmf-dist/tex/latex/graphics/math
color.ltx)
Package xcolor Info: Model `cmy' substituted by `cmy0' on input line 1349.
Package xcolor Info: Model `hsb' substituted by `rgb' on input line 1353.
Package xcolor Info: Model `RGB' extended on input line 1365.
Package xcolor Info: Model `HTML' substituted by `rgb' on input line 1367.
Package xcolor Info: Model `Hsb' substituted by `hsb' on input line 1368.
Package xcolor Info: Model `tHsb' substituted by `hsb' on input line 1369.
Package xcolor Info: Model `HSB' substituted by `hsb' on input line 1370.
Package xcolor Info: Model `Gray' substituted by `gray' on input line 1371.
Package xcolor Info: Model `wave' substituted by `hsb' on input line 1372.
)
(/opt/homebrew/Cellar/texlive/20260301/share/texmf-dist/tex/latex/hyperref/hype
rref.sty
Package: hyperref 2026-01-29 v7.01p Hypertext links for LaTeX

(/opt/homebrew/Cellar/texlive/20260301/share/texmf-dist/tex/generic/iftex/iftex
.sty
Package: iftex 2024/12/12 v1.0g TeX engine tests
)
(/opt/homebrew/Cellar/texlive/20260301/share/texmf-dist/tex/latex/kvsetkeys/kvs
etkeys.sty
Package: kvsetkeys 2022-10-05 v1.19 Key value parser (HO)
)
(/opt/homebrew/Cellar/texlive/20260301/share/texmf-dist/tex/generic/kvdefinekey
s/kvdefinekeys.sty
Package: kvdefinekeys 2019-12-19 v1.6 Define keys (HO)
)
(/opt/homebrew/Cellar/texlive/20260301/share/texmf-dist/tex/generic/pdfescape/p
dfescape.sty
Package: pdfescape 2019/12/09 v1.15 Implements pdfTeX's escape features (HO)

(/opt/homebrew/Cellar/texlive/20260301/share/texmf-dist/tex/generic/ltxcmds/ltx
cmds.sty
Package: ltxcmds 2023-12-04 v1.26 LaTeX kernel commands for general use (HO)
)
(/opt/homebrew/Cellar/texlive/20260301/share/texmf-dist/tex/generic/pdftexcmds/
pdftexcmds.sty
Package: pdftexcmds 2020-06-27 v0.33 Utility functions of pdfTeX for LuaTeX (HO
)

(/opt/homebrew/Cellar/texlive/20260301/share/texmf-dist/tex/generic/infwarerr/i
nfwarerr.sty
Package: infwarerr 2019/12/03 v1.5 Providing info/warning/error messages (HO)
)
Package pdftexcmds Info: \pdf@primitive is available.
Package pdftexcmds Info: \pdf@ifprimitive is available.
Package pdftexcmds Info: \pdfdraftmode found.
))
(/opt/homebrew/Cellar/texlive/20260301/share/texmf-dist/tex/latex/hycolor/hycol
or.sty
Package: hycolor 2020-01-27 v1.10 Color options for hyperref/bookmark (HO)
)
(/opt/homebrew/Cellar/texlive/20260301/share/texmf-dist/tex/latex/hyperref/name
ref.sty
Package: nameref 2026-01-29 v2.58 Cross-referencing by name of section

(/opt/homebrew/Cellar/texlive/20260301/share/texmf-dist/tex/latex/refcount/refc
ount.sty
Package: refcount 2019/12/15 v3.6 Data extraction from label references (HO)
)
(/opt/homebrew/Cellar/texlive/20260301/share/texmf-dist/tex/generic/gettitlestr
ing/gettitlestring.sty
Package: gettitlestring 2019/12/15 v1.6 Cleanup title references (HO)

(/opt/homebrew/Cellar/texlive/20260301/share/texmf-dist/tex/latex/kvoptions/kvo
ptions.sty
Package: kvoptions 2022-06-15 v3.15 Key value format for package options (HO)
))
\c@section@level=\count324
)
(/opt/homebrew/Cellar/texlive/20260301/share/texmf-dist/tex/generic/stringenc/s
tringenc.sty
Package: stringenc 2019/11/29 v1.12 Convert strings between diff. encodings (HO
)
)
\@linkdim=\dimen188
\Hy@linkcounter=\count325
\Hy@pagecounter=\count326

(/opt/homebrew/Cellar/texlive/20260301/share/texmf-dist/tex/latex/hyperref/pd1e
nc.def
File: pd1enc.def 2026-01-29 v7.01p Hyperref: PDFDocEncoding definition (HO)
Now handling font encoding PD1 ...
... no UTF-8 mapping file for font encoding PD1
)
(/opt/homebrew/Cellar/texlive/20260301/share/texmf-dist/tex/generic/intcalc/int
calc.sty
Package: intcalc 2019/12/15 v1.3 Expandable calculations with integers (HO)
)
\Hy@SavedSpaceFactor=\count327

(/opt/homebrew/Cellar/texlive/20260301/share/texmf-dist/tex/latex/hyperref/puen
c.def
File: puenc.def 2026-01-29 v7.01p Hyperref: PDF Unicode definition (HO)
Now handling font encoding PU ...
... no UTF-8 mapping file for font encoding PU
)
Package hyperref Info: Hyper figures OFF on input line 4201.
Package hyperref Info: Link nesting OFF on input line 4206.
Package hyperref Info: Hyper index ON on input line 4209.
Package hyperref Info: Plain pages OFF on input line 4216.
Package hyperref Info: Backreferencing OFF on input line 4221.
Package hyperref Info: Implicit mode ON; LaTeX internals redefined.
Package hyperref Info: Bookmarks ON on input line 4468.
\c@Hy@tempcnt=\count328

(/opt/homebrew/Cellar/texlive/20260301/share/texmf-dist/tex/latex/url/url.sty
\Urlmuskip=\muskip18
Package: url 2013/09/16  ver 3.4  Verb mode for urls, etc.
)
LaTeX Info: Redefining \url on input line 4807.
\XeTeXLinkMargin=\dimen189

(/opt/homebrew/Cellar/texlive/20260301/share/texmf-dist/tex/generic/bitset/bits
et.sty
Package: bitset 2019/12/09 v1.3 Handle bit-vector datatype (HO)

(/opt/homebrew/Cellar/texlive/20260301/share/texmf-dist/tex/generic/bigintcalc/
bigintcalc.sty
Package: bigintcalc 2019/12/15 v1.5 Expandable calculations on big integers (HO
)
))
\Fld@menulength=\count329
\Field@Width=\dimen190
\Fld@charsize=\dimen191
Package hyperref Info: Hyper figures OFF on input line 6084.
Package hyperref Info: Link nesting OFF on input line 6089.
Package hyperref Info: Hyper index ON on input line 6092.
Package hyperref Info: backreferencing OFF on input line 6099.
Package hyperref Info: Link coloring OFF on input line 6104.
Package hyperref Info: Link coloring with OCG OFF on input line 6109.
Package hyperref Info: PDF/A mode OFF on input line 6114.
\Hy@abspage=\count330
\c@Item=\count331
\c@Hfootnote=\count332
)
Package hyperref Info: Driver (autodetected): hpdftex.

(/opt/homebrew/Cellar/texlive/20260301/share/texmf-dist/tex/latex/hyperref/hpdf
tex.def
File: hpdftex.def 2026-01-29 v7.01p Hyperref driver for pdfTeX
\Fld@listcount=\count333
\c@bookmark@seq@number=\count334

(/opt/homebrew/Cellar/texlive/20260301/share/texmf-dist/tex/latex/rerunfilechec
k/rerunfilecheck.sty
Package: rerunfilecheck 2025-06-21 v1.11 Rerun checks for auxiliary files (HO)

(/opt/homebrew/Cellar/texlive/20260301/share/texmf-dist/tex/generic/uniquecount
er/uniquecounter.sty
Package: uniquecounter 2019/12/15 v1.4 Provide unlimited unique counter (HO)
)
Package uniquecounter Info: New unique counter `rerunfilecheck' on input line 2
84.
)
\Hy@SectionHShift=\skip65
)
(/opt/homebrew/Cellar/texlive/20260301/share/texmf-dist/tex/latex/cleveref/clev
eref.sty
Package: cleveref 2018/03/27 v0.21.4 Intelligent cross-referencing
Package cleveref Info: `hyperref' support loaded on input line 2370.
LaTeX Info: Redefining \cref on input line 2370.
LaTeX Info: Redefining \Cref on input line 2370.
LaTeX Info: Redefining \crefrange on input line 2370.
LaTeX Info: Redefining \Crefrange on input line 2370.
LaTeX Info: Redefining \cpageref on input line 2370.
LaTeX Info: Redefining \Cpageref on input line 2370.
LaTeX Info: Redefining \cpagerefrange on input line 2370.
LaTeX Info: Redefining \Cpagerefrange on input line 2370.
LaTeX Info: Redefining \labelcref on input line 2370.
LaTeX Info: Redefining \labelcpageref on input line 2370.
Package cleveref Info: `amsthm' support loaded on input line 3026.
Package cleveref Info: `algorithmicx' support loaded on input line 3120.
Package cleveref Info: `listings' support loaded on input line 3131.
)
==> First Aid for cleveref.sty applied!

(/opt/homebrew/Cellar/texlive/20260301/share/texmf-dist/tex/latex/epigraph/epig
raph.sty
Package: epigraph 2020/01/02 v1.5e typesetting epigraphs

(/opt/homebrew/Cellar/texlive/20260301/share/texmf-dist/tex/latex/nextpage/next
page.sty
Package: nextpage 2009/09/03 v1.1a additional page commands
)
\beforeepigraphskip=\skip66
\afterepigraphskip=\skip67
\epigraphwidth=\skip68
\epigraphrule=\skip69
)
(/opt/homebrew/Cellar/texlive/20260301/share/texmf-dist/tex/latex/geometry/geom
etry.sty
Package: geometry 2020/01/02 v5.9 Page Geometry

(/opt/homebrew/Cellar/texlive/20260301/share/texmf-dist/tex/generic/iftex/ifvte
x.sty
Package: ifvtex 2019/10/25 v1.7 ifvtex legacy package. Use iftex instead.
)
\Gm@cnth=\count335
\Gm@cntv=\count336
\c@Gm@tempcnt=\count337
\Gm@bindingoffset=\dimen192
\Gm@wd@mp=\dimen193
\Gm@odd@mp=\dimen194
\Gm@even@mp=\dimen195
\Gm@layoutwidth=\dimen196
\Gm@layoutheight=\dimen197
\Gm@layouthoffset=\dimen198
\Gm@layoutvoffset=\dimen199
\Gm@dimlist=\toks37
)
(/opt/homebrew/Cellar/texlive/20260301/share/texmf-dist/tex/latex/titlesec/titl
esec.sty
Package: titlesec 2025/01/04 v2.17 Sectioning titles
\ttl@box=\box61
\beforetitleunit=\skip70
\aftertitleunit=\skip71
\ttl@plus=\dimen256
\ttl@minus=\dimen257
\ttl@toksa=\toks38
\titlewidth=\dimen258
\titlewidthlast=\dimen259
\titlewidthfirst=\dimen260
)
(/opt/homebrew/Cellar/texlive/20260301/share/texmf-dist/tex/latex/fancyhdr/fanc
yhdr.sty
Package: fancyhdr 2025/02/07 v5.2 Extensive control of page headers and footers

\f@nch@headwidth=\skip72
\f@nch@offset@elh=\skip73
\f@nch@offset@erh=\skip74
\f@nch@offset@olh=\skip75
\f@nch@offset@orh=\skip76
\f@nch@offset@elf=\skip77
\f@nch@offset@erf=\skip78
\f@nch@offset@olf=\skip79
\f@nch@offset@orf=\skip80
\f@nch@height=\skip81
\f@nch@footalignment=\skip82
\f@nch@widthL=\skip83
\f@nch@widthC=\skip84
\f@nch@widthR=\skip85
\@temptokenb=\toks39
)
(/opt/homebrew/Cellar/texlive/20260301/share/texmf-dist/tex/latex/tocloft/toclo
ft.sty
Package: tocloft 2017/08/31 v2.3i parameterised ToC, etc., typesetting
Package tocloft Info: The document has chapter divisions on input line 51.
\cftparskip=\skip86
\cftbeforetoctitleskip=\skip87
\cftaftertoctitleskip=\skip88
\cftbeforepartskip=\skip89
\cftpartnumwidth=\skip90
\cftpartindent=\skip91
\cftbeforechapskip=\skip92
\cftchapindent=\skip93
\cftchapnumwidth=\skip94
\cftbeforesecskip=\skip95
\cftsecindent=\skip96
\cftsecnumwidth=\skip97
\cftbeforesubsecskip=\skip98
\cftsubsecindent=\skip99
\cftsubsecnumwidth=\skip100
\cftbeforesubsubsecskip=\skip101
\cftsubsubsecindent=\skip102
\cftsubsubsecnumwidth=\skip103
\cftbeforeparaskip=\skip104
\cftparaindent=\skip105
\cftparanumwidth=\skip106
\cftbeforesubparaskip=\skip107
\cftsubparaindent=\skip108
\cftsubparanumwidth=\skip109
\cftbeforeloftitleskip=\skip110
\cftafterloftitleskip=\skip111
\cftbeforefigskip=\skip112
\cftfigindent=\skip113
\cftfignumwidth=\skip114
\c@lofdepth=\count338
\c@lotdepth=\count339
\cftbeforelottitleskip=\skip115
\cftafterlottitleskip=\skip116
\cftbeforetabskip=\skip117
\cfttabindent=\skip118
\cfttabnumwidth=\skip119
)
(/opt/homebrew/Cellar/texlive/20260301/share/texmf-dist/tex/latex/enumitem/enum
item.sty
Package: enumitem 2025/02/06 v3.11 Customized lists
\labelindent=\skip120
\enit@outerparindent=\dimen261
\enit@toks=\toks40
\enit@inbox=\box62
\enit@count@id=\count340
\enitdp@description=\count341
)
(/opt/homebrew/Cellar/texlive/20260301/share/texmf-dist/tex/latex/multirow/mult
irow.sty
Package: multirow 2024/11/12 v2.9 Span multiple rows of a table
\multirow@colwidth=\skip121
\multirow@cntb=\count342
\multirow@dima=\skip122
\bigstrutjot=\dimen262
)
(/opt/homebrew/Cellar/texlive/20260301/share/texmf-dist/tex/latex/makecell/make
cell.sty
Package: makecell 2009/08/03 V0.1e Managing of Tab Column Heads and Cells

(/opt/homebrew/Cellar/texlive/20260301/share/texmf-dist/tex/latex/tools/array.s
ty
Package: array 2025/09/25 v2.6n Tabular extension package (FMi)
\col@sep=\dimen263
\ar@mcellbox=\box63
\extrarowheight=\dimen264
\NC@list=\toks41
\extratabsurround=\skip123
\backup@length=\skip124
\ar@cellbox=\box64
)
\rotheadsize=\dimen265
\c@nlinenum=\count343
\TeXr@lab=\toks42
)
(/opt/homebrew/Cellar/texlive/20260301/share/texmf-dist/tex/latex/wrapfig/wrapf
ig.sty
\wrapoverhang=\dimen266
\WF@size=\dimen267
\c@WF@wrappedlines=\count344
\WF@box=\box65
\WF@everypar=\toks43
Package: wrapfig 2003/01/31  v 3.6
)
(/opt/homebrew/Cellar/texlive/20260301/share/texmf-dist/tex/latex/caption/subca
ption.sty
Package: subcaption 2023/07/28 v1.6b Sub-captions (AR)

(/opt/homebrew/Cellar/texlive/20260301/share/texmf-dist/tex/latex/caption/capti
on.sty
Package: caption 2023/08/05 v3.6o Customizing captions (AR)

(/opt/homebrew/Cellar/texlive/20260301/share/texmf-dist/tex/latex/caption/capti
on3.sty
Package: caption3 2023/07/31 v2.4d caption3 kernel (AR)
\caption@tempdima=\dimen268
\captionmargin=\dimen269
\caption@leftmargin=\dimen270
\caption@rightmargin=\dimen271
\caption@width=\dimen272
\caption@indent=\dimen273
\caption@parindent=\dimen274
\caption@hangindent=\dimen275
Package caption Info: Standard document class detected.
)
\c@caption@flags=\count345
\c@continuedfloat=\count346
Package caption Info: float package is loaded.
Package caption Info: hyperref package is loaded.
Package caption Info: listings package is loaded.
Package caption Info: wrapfig package is loaded.
)
Package caption Info: New subtype `subfigure' on input line 238.
\c@subfigure=\count347
Package caption Info: New subtype `subtable' on input line 238.
\c@subtable=\count348
)
(/opt/homebrew/Cellar/texlive/20260301/share/texmf-dist/tex/latex/csquotes/csqu
otes.sty
Package: csquotes 2024-04-04 v5.2o context-sensitive quotations (JAW)
\csq@reset=\count349
\csq@gtype=\count350
\csq@glevel=\count351
\csq@qlevel=\count352
\csq@maxlvl=\count353
\csq@tshold=\count354
\csq@ltx@everypar=\toks44

(/opt/homebrew/Cellar/texlive/20260301/share/texmf-dist/tex/latex/csquotes/csqu
otes.def
File: csquotes.def 2024-04-04 v5.2o csquotes generic definitions (JAW)
)
Package csquotes Info: Trying to load configuration file 'csquotes.cfg'...
Package csquotes Info: ... configuration file loaded successfully.

(/opt/homebrew/Cellar/texlive/20260301/share/texmf-dist/tex/latex/csquotes/csqu
otes.cfg
File: csquotes.cfg 
))
(/opt/homebrew/Cellar/texlive/20260301/share/texmf-dist/tex/latex/glossaries/ba
se/glossaries.sty
Package: glossaries 2025/11/09 v4.9 (NLCT)

(/opt/homebrew/Cellar/texlive/20260301/share/texmf-dist/tex/latex/xkeyval/xkeyv
al.sty
Package: xkeyval 2025/11/04 v2.10 package option processing (HA)

(/opt/homebrew/Cellar/texlive/20260301/share/texmf-dist/tex/generic/xkeyval/xke
yval.tex
(/opt/homebrew/Cellar/texlive/20260301/share/texmf-dist/tex/generic/xkeyval/xkv
utils.tex
\XKV@toks=\toks45
\XKV@tempa@toks=\toks46
\XKV@tempb@toks=\toks47
)
\XKV@depth=\count355
File: xkeyval.tex 2014/12/03 v2.7a key=value parser (HA)
))
(/opt/homebrew/Cellar/texlive/20260301/share/texmf-dist/tex/latex/mfirstuc/mfir
stuc.sty
Package: mfirstuc 2025/04/03 v2.09 (NLCT)
\@glsmfirst=\toks48
\@glsmrest=\toks49
)
(/opt/homebrew/Cellar/texlive/20260301/share/texmf-dist/tex/latex/xfor/xfor.sty
Package: xfor 2009/02/05 v1.05 (NLCT)
)
(/opt/homebrew/Cellar/texlive/20260301/share/texmf-dist/tex/latex/datatool/data
tool-base.sty
Package: datatool-base 2025/12/04 v3.4.3 (NLCT)

(/opt/homebrew/Cellar/texlive/20260301/share/texmf-dist/tex/latex/tracklang/tra
cklang.sty
Package: tracklang 2025/03/11 v1.6.6 (NLCT) Track Languages

(/opt/homebrew/Cellar/texlive/20260301/share/texmf-dist/tex/generic/tracklang/t
racklang.tex))
\l__datatool_tmpa_int=\count356
\l__datatool_tmpb_int=\count357
\l__datatool_tmpc_int=\count358
\l__datatool_tmpd_int=\count359
\l__datatool_count_int=\count360
\l__datatool_tmp_datatype_int=\count361
\l__datatool_tmpa_dim=\dimen276
\l__datatool_tmpb_dim=\dimen277

(/opt/homebrew/Cellar/texlive/20260301/share/texmf-dist/tex/latex/datatool/data
tool-l3fp.def
File: datatool-l3fp.def 2025/12/04 v3.4.3 (NLCT)
)
\@dtl@toks=\toks50
\@dtl@tmpcount=\count362
\dtl@tmplength=\skip125
\l__datatool_measure_box=\box66
\dtl@sortresult=\count363

(/opt/homebrew/Cellar/texlive/20260301/share/texmf-dist/tex/latex/datatool/data
tool-utf8.ldf
File: datatool-utf8.ldf 2025/12/04 v3.4.3 (NLCT)
)
\@dtl@datatype=\count364
\c_datatool_unknown_int=\count365
\l__datatool_year_int=\count366
\l__datatool_month_int=\count367
\l__datatool_day_int=\count368
\l__datatool_hour_int=\count369
\l__datatool_minute_int=\count370
\l__datatool_second_int=\count371
\l__datatool_tzhour_int=\count372
\l__datatool_tzminute_int=\count373
\l__datatool_julian_int=\count374
\l__datatool_local_julian_int=\count375
\l__datatool_prefix_int=\count376
\l__datatool_suffix_int=\count377
\@dtl@foreach@level=\count378
\dtl@codeA=\count379
\dtl@codeB=\count380
)
\gls@level=\count381
\@gls@tmpb=\toks51
\gls@tmplen=\skip126
\l__glossaries_tmpa_dim=\dimen278
\l__glossaries_tmpb_dim=\dimen279
\glskeylisttok=\toks52
\glslabeltok=\toks53
\glsshorttok=\toks54
\glslongtok=\toks55

(/opt/homebrew/Cellar/texlive/20260301/share/texmf-dist/tex/latex/glossaries/st
yles/glossary-hypernav.sty
Package: glossary-hypernav 2025/11/09 v4.9 (NLCT)
)
(/opt/homebrew/Cellar/texlive/20260301/share/texmf-dist/tex/latex/glossaries/st
yles/glossary-list.sty
Package: glossary-list 2025/11/09 v4.9 (NLCT)
\glslistdottedwidth=\skip127
)
(/opt/homebrew/Cellar/texlive/20260301/share/texmf-dist/tex/latex/glossaries/st
yles/glossary-long.sty
Package: glossary-long 2025/11/09 v4.9 (NLCT)

(/opt/homebrew/Cellar/texlive/20260301/share/texmf-dist/tex/latex/tools/longtab
le.sty
Package: longtable 2025-10-13 v4.24 Multi-page Table package (DPC)
\LTleft=\skip128
\LTright=\skip129
\LTpre=\skip130
\LTpost=\skip131
\LTchunksize=\count382
\LTcapwidth=\dimen280
\LT@head=\box67
\LT@firsthead=\box68
\LT@foot=\box69
\LT@lastfoot=\box70
\LT@gbox=\box71
\LT@cols=\count383
\LT@rows=\count384
\c@LT@tables=\count385
\c@LT@chunks=\count386
\LT@p@ftn=\toks56
)
\glsdescwidth=\skip132
\glspagelistwidth=\skip133
)
(/opt/homebrew/Cellar/texlive/20260301/share/texmf-dist/tex/latex/glossaries/st
yles/glossary-super.sty
Package: glossary-super 2025/11/09 v4.9 (NLCT)

(/opt/homebrew/Cellar/texlive/20260301/share/texmf-dist/tex/latex/supertabular/
supertabular.sty
Package: supertabular 2025/06/26 v4.2d the supertabular environment
\c@tracingst=\count387
\ST@wd=\dimen281
\ST@rightskip=\skip134
\ST@leftskip=\skip135
\ST@parfillskip=\skip136
\ST@pageleft=\dimen282
\ST@headht=\dimen283
\ST@tailht=\dimen284
\ST@pagesofar=\dimen285
\ST@pboxht=\dimen286
\ST@rowht=\dimen287
\ST@prevht=\dimen288
\ST@toadd=\dimen289
\ST@dimen=\dimen290
\ST@pbox=\box72
))
(/opt/homebrew/Cellar/texlive/20260301/share/texmf-dist/tex/latex/glossaries/st
yles/glossary-tree.sty
Package: glossary-tree 2025/11/09 v4.9 (NLCT)
\l__glossaries_tree_max_known_level_int=\count388
\l__glossaries_tree_offset_dim=\dimen291
\l__glossaries_tree_namewidth_dim=\dimen292
\l__glossaries_tree_symbolwidth_dim=\dimen293
\l__glossaries_tree_prenamesym_width_dim=\dimen294
\l__glossaries_tree_presubnamesym_width_dim=\dimen295
\l__glossaries_tree_namewidth_padding_dim=\dimen296
\l__glossaries_tree_symbolwidth_padding_dim=\dimen297
\l__glossaries_tree_namesymbolwidth_dim=\dimen298
\l__glossaries_tree_namesymbolwidth_padding_dim=\dimen299
\l__glossaries_tree_level_int=\count389
\glstreeindent=\skip137
))
(/opt/homebrew/Cellar/texlive/20260301/share/texmf-dist/tex/latex/acronym/acron
ym.sty
Package: acronym 2025/01/17 v1.50 Support for acronyms (Tobias Oetiker)

(/opt/homebrew/Cellar/texlive/20260301/share/texmf-dist/tex/latex/bigfoot/suffi
x.sty
Package: suffix 2006/07/15 1.5a Variant command support
)
(/opt/homebrew/Cellar/texlive/20260301/share/texmf-dist/tex/generic/xstring/xst
ring.sty
(/opt/homebrew/Cellar/texlive/20260301/share/texmf-dist/tex/generic/xstring/xst
ring.tex
\xs_counta=\count390
\xs_countb=\count391
)
Package: xstring 2023/08/22 v1.86 String manipulations (CT)
)
\AC@clearlist=\toks57
)
(/opt/homebrew/Cellar/texlive/20260301/share/texmf-dist/tex/latex/base/makeidx.
sty
Package: makeidx 2021/10/04 v1.0m Standard LaTeX package
)
\@indexfile=\write3
\openout3 = `ams_book.idx'.


Writing index file ams_book.idx
\c@theorem=\count392
\c@exercise=\count393
Package hyperref Info: Option `colorlinks' set `true' on input line 161.
\glswrite=\write4
\glo@main@file=\write5
\openout5 = `ams_book.glo'.

Package glossaries Info: Writing glossary file ams_book.glo on input line 187.
(./styles/glossary.tex
! Undefined control sequence.
\@glo@name ->\(\relu 
                     (x) = \max (0,x)\)
l.101 }
       
The control sequence at the end of the top line
of your error message was never \def'ed. If you have
misspelled it (e.g., `\hobx'), type `I' and the correct
spelling (e.g., `I\hbox'). Otherwise just continue,
and I'll forget about whatever was undefined.

! Undefined control sequence.
\@glo@name ->\(\softmax 
                        (\bm {z})_i = e^{z_i}/\sum _j e^{z_j}\)
l.106 }
       
The control sequence at the end of the top line
of your error message was never \def'ed. If you have
misspelled it (e.g., `\hobx'), type `I' and the correct
spelling (e.g., `I\hbox'). Otherwise just continue,
and I'll forget about whatever was undefined.

! Undefined control sequence.
\@glo@name ->\(\argmin 
                       \)
l.165 }
       
The control sequence at the end of the top line
of your error message was never \def'ed. If you have
misspelled it (e.g., `\hobx'), type `I' and the correct
spelling (e.g., `I\hbox'). Otherwise just continue,
and I'll forget about whatever was undefined.

! Undefined control sequence.
\@glo@name ->\(\conv 
                     (\cdot )\)
l.170 }
       
The control sequence at the end of the top line
of your error message was never \def'ed. If you have
misspelled it (e.g., `\hobx'), type `I' and the correct
spelling (e.g., `I\hbox'). Otherwise just continue,
and I'll forget about whatever was undefined.

)
Package csquotes Info: Checking for multilingual support...
Package csquotes Info: ... none found.
LaTeX Font Info:    Trying to load font information for T1+lmr on input line 22
9.
 (/opt/homebrew/Cellar/texlive/20260301/share/texmf-dist/tex/latex/lm/t1lmr.fd
File: t1lmr.fd 2015/05/01 v1.6.1 Font defs for Latin Modern
)
(/opt/homebrew/Cellar/texlive/20260301/share/texmf-dist/tex/latex/l3backend/l3b
ackend-pdftex.def
File: l3backend-pdftex.def 2025-10-09 L3 backend support: PDF output (pdfTeX)
\l__color_backend_stack_int=\count394
) (./ams_book.aux (./chapters/ch01_gaussian_elimination.aux)
(./chapters/ch02_fewnomial_theory.aux) (./chapters/ch03_spectral_methods.aux)
(./chapters/ch04_deep_learning_geometry.aux)
(./chapters/ch05_equivariant_nn.aux) (./chapters/ch06_topological_ml.aux)
(./chapters/ch07_uq_tutorial.aux) (./chapters/ch08_global_positioning.aux)
(./chapters/ch09_dynamical_systems_3d.aux) (./chapters/ch10_dna_storage.aux)
(./chapters/ch11_cyber_defense.aux)

LaTeX Warning: Label `ch:cyber' multiply defined.


LaTeX Warning: Label `ch:cyber@cref' multiply defined.


LaTeX Warning: Label `sec:cyber:intro' multiply defined.


LaTeX Warning: Label `sec:cyber:intro@cref' multiply defined.


LaTeX Warning: Label `sec:cyber:embedding' multiply defined.


LaTeX Warning: Label `sec:cyber:embedding@cref' multiply defined.


LaTeX Warning: Label `sec:cyber:ae' multiply defined.


LaTeX Warning: Label `sec:cyber:ae@cref' multiply defined.


LaTeX Warning: Label `sec:cyber:chaining' multiply defined.


LaTeX Warning: Label `sec:cyber:chaining@cref' multiply defined.


LaTeX Warning: Label `sec:cyber:rl' multiply defined.


LaTeX Warning: Label `sec:cyber:rl@cref' multiply defined.


LaTeX Warning: Label `sec:cyber:bridge' multiply defined.


LaTeX Warning: Label `sec:cyber:bridge@cref' multiply defined.


LaTeX Warning: Label `sec:cyber:refs' multiply defined.


LaTeX Warning: Label `sec:cyber:refs@cref' multiply defined.


LaTeX Warning: Label `sec:cyber:solutions' multiply defined.


LaTeX Warning: Label `sec:cyber:solutions@cref' multiply defined.


LaTeX Warning: Label `sec:cyber:exercises' multiply defined.


LaTeX Warning: Label `sec:cyber:exercises@cref' multiply defined.

(./chapters/ch12_operads_systems.aux) (./chapters/ch13_astronomy_inference.aux)
(./chapters/ch14_fair_data.aux) (./chapters/ch15_tomography.aux)
(./chapters/appendix_a_julia_quickstart.aux)
(./chapters/appendix_b_linear_algebra.aux))
\openout1 = `ams_book.aux'.

LaTeX Font Info:    Checking defaults for OML/cmm/m/it on input line 229.
LaTeX Font Info:    ... okay on input line 229.
LaTeX Font Info:    Checking defaults for OMS/cmsy/m/n on input line 229.
LaTeX Font Info:    ... okay on input line 229.
LaTeX Font Info:    Checking defaults for OT1/cmr/m/n on input line 229.
LaTeX Font Info:    ... okay on input line 229.
LaTeX Font Info:    Checking defaults for T1/cmr/m/n on input line 229.
LaTeX Font Info:    ... okay on input line 229.
LaTeX Font Info:    Checking defaults for TS1/cmr/m/n on input line 229.
LaTeX Font Info:    ... okay on input line 229.
LaTeX Font Info:    Checking defaults for OMX/cmex/m/n on input line 229.
LaTeX Font Info:    ... okay on input line 229.
LaTeX Font Info:    Checking defaults for U/cmr/m/n on input line 229.
LaTeX Font Info:    ... okay on input line 229.
LaTeX Font Info:    Checking defaults for PD1/pdf/m/n on input line 229.
LaTeX Font Info:    ... okay on input line 229.
LaTeX Font Info:    Checking defaults for PU/pdf/m/n on input line 229.
LaTeX Font Info:    ... okay on input line 229.
LaTeX Info: Redefining \microtypecontext on input line 229.
Package microtype Info: Applying patch `item' on input line 229.
Package microtype Info: Applying patch `toc' on input line 229.
Package microtype Info: Applying patch `eqnum' on input line 229.
Package microtype Info: Applying patch `footnote' on input line 229.
Package microtype Info: Applying patch `verbatim' on input line 229.
LaTeX Info: Redefining \microtypesetup on input line 229.
Package microtype Info: Generating PDF output.
Package microtype Info: Character protrusion enabled (level 2).
Package microtype Info: Using default protrusion set `alltext'.
Package microtype Info: Automatic font expansion enabled (level 2),
(microtype)             stretch: 20, shrink: 20, step: 1, non-selected.
Package microtype Info: Using default expansion set `alltext-nott'.
Package microtype Info: Patching command `\showhyphens'.
Package microtype Info: No adjustment of tracking.
Package microtype Info: No adjustment of interword spacing.
Package microtype Info: No adjustment of character kerning.

(/opt/homebrew/Cellar/texlive/20260301/share/texmf-dist/tex/latex/microtype/mt-
cmr.cfg
File: mt-cmr.cfg 2013/05/19 v2.2 microtype config. file: Computer Modern Roman 
(RS)
)
(/opt/homebrew/Cellar/texlive/20260301/share/texmf-dist/tex/context/base/mkii/s
upp-pdf.mkii
[Loading MPS to PDF converter (version 2006.09.02).]
\scratchcounter=\count395
\scratchdimen=\dimen300
\scratchbox=\box73
\nofMPsegments=\count396
\nofMParguments=\count397
\everyMPshowfont=\toks58
\MPscratchCnt=\count398
\MPscratchDim=\dimen301
\MPnumerator=\count399
\makeMPintoPDFobject=\count400
\everyMPtoPDFconversion=\toks59
)
(/opt/homebrew/Cellar/texlive/20260301/share/texmf-dist/tex/latex/epstopdf-pkg/
epstopdf-base.sty
Package: epstopdf-base 2020-01-24 v2.11 Base part for package epstopdf
Package epstopdf-base Info: Redefining graphics rule for `.eps' on input line 4
85.

(/opt/homebrew/Cellar/texlive/20260301/share/texmf-dist/tex/latex/latexconfig/e
pstopdf-sys.cfg
File: epstopdf-sys.cfg 2010/07/13 v1.3 Configuration of (r)epstopdf for TeX Liv
e
))
\c@lstlisting=\count401
Package hyperref Info: Link coloring ON on input line 229.
 (./ams_book.out) (./ams_book.out)
\@outlinefile=\write6
\openout6 = `ams_book.out'.


*geometry* driver: auto-detecting
*geometry* detected driver: pdftex
*geometry* verbose mode - [ preamble ] result:
* driver: pdftex
* paper: <default>
* layout: <same size as paper>
* layoutoffset:(h,v)=(0.0pt,0.0pt)
* modes: 
* h-part:(L,W,R)=(72.26999pt, 469.75502pt, 72.26999pt)
* v-part:(T,H,B)=(72.26999pt, 650.43001pt, 72.26999pt)
* \paperwidth=614.295pt
* \paperheight=794.96999pt
* \textwidth=469.75502pt
* \textheight=650.43001pt
* \oddsidemargin=0.0pt
* \evensidemargin=0.0pt
* \topmargin=-45.097pt
* \headheight=25.2232pt
* \headsep=19.8738pt
* \topskip=11.0pt
* \footskip=27.46295pt
* \marginparwidth=62.0pt
* \marginparsep=7.0pt
* \columnsep=10.0pt
* \skip\footins=10.0pt plus 4.0pt minus 2.0pt
* \hoffset=0.0pt
* \voffset=0.0pt
* \mag=1000
* \@twocolumnfalse
* \@twosidefalse
* \@mparswitchfalse
* \@reversemarginfalse
* (1in=72.27pt=25.4mm, 1cm=28.453pt)

Package caption Info: Begin \AtBeginDocument code.
Package caption Info: longtable package is loaded.

(/opt/homebrew/Cellar/texlive/20260301/share/texmf-dist/tex/latex/caption/ltcap
tion.sty
Package: ltcaption 2021/01/08 v1.4c longtable captions (AR)
)
Package caption Info: supertabular package is loaded.
Package caption Info: End \AtBeginDocument code.
 [1

\openout4 = `ams_book.ist'.



{/opt/homebrew/Cellar/texlive/20260301/share/texmf-dist/fonts/map/pdftex/updmap
/pdftex.map}{/opt/homebrew/Cellar/texlive/20260301/share/texmf-dist/fonts/enc/d
vips/lm/lm-ec.enc}]
LaTeX Font Info:    Trying to load font information for TS1+lmr on input line 2
63.

(/opt/homebrew/Cellar/texlive/20260301/share/texmf-dist/tex/latex/lm/ts1lmr.fd
File: ts1lmr.fd 2015/05/01 v1.6.1 Font defs for Latin Modern
)
Underfull \hbox (badness 10000) in paragraph at lines 262--264

 []


Underfull \hbox (badness 10000) in paragraph at lines 265--266

 []

LaTeX Font Info:    Trying to load font information for OT1+lmr on input line 2
70.
(/opt/homebrew/Cellar/texlive/20260301/share/texmf-dist/tex/latex/lm/ot1lmr.fd
File: ot1lmr.fd 2015/05/01 v1.6.1 Font defs for Latin Modern
)
LaTeX Font Info:    Trying to load font information for OML+lmm on input line 2
70.
(/opt/homebrew/Cellar/texlive/20260301/share/texmf-dist/tex/latex/lm/omllmm.fd
File: omllmm.fd 2015/05/01 v1.6.1 Font defs for Latin Modern
)
LaTeX Font Info:    Trying to load font information for OMS+lmsy on input line 
270.

(/opt/homebrew/Cellar/texlive/20260301/share/texmf-dist/tex/latex/lm/omslmsy.fd
File: omslmsy.fd 2015/05/01 v1.6.1 Font defs for Latin Modern
)
LaTeX Font Info:    Trying to load font information for OMX+lmex on input line 
270.

(/opt/homebrew/Cellar/texlive/20260301/share/texmf-dist/tex/latex/lm/omxlmex.fd
File: omxlmex.fd 2015/05/01 v1.6.1 Font defs for Latin Modern
)
LaTeX Font Info:    External font `lmex10' loaded for size
(Font)              <10.95> on input line 270.
LaTeX Font Info:    External font `lmex10' loaded for size
(Font)              <8> on input line 270.
LaTeX Font Info:    External font `lmex10' loaded for size
(Font)              <6> on input line 270.
LaTeX Font Info:    Trying to load font information for U+msa on input line 270
.

(/opt/homebrew/Cellar/texlive/20260301/share/texmf-dist/tex/latex/amsfonts/umsa
.fd
File: umsa.fd 2013/01/14 v3.01 AMS symbols A
)
(/opt/homebrew/Cellar/texlive/20260301/share/texmf-dist/tex/latex/microtype/mt-
msa.cfg
File: mt-msa.cfg 2006/02/04 v1.1 microtype config. file: AMS symbols (a) (RS)
)
LaTeX Font Info:    Trying to load font information for U+msb on input line 270
.

(/opt/homebrew/Cellar/texlive/20260301/share/texmf-dist/tex/latex/amsfonts/umsb
.fd
File: umsb.fd 2013/01/14 v3.01 AMS symbols B
)
(/opt/homebrew/Cellar/texlive/20260301/share/texmf-dist/tex/latex/microtype/mt-
msb.cfg
File: mt-msb.cfg 2005/06/01 v1.0 microtype config. file: AMS symbols (b) (RS)
) (./ams_book.toc
pdfTeX warning (ext4): destination with the same identifier (name{page.i}) has 
been already used, duplicate ignored
<to be read again> 
                   \relax 
l.2 ... {1em}Computational Foundations}{1}{part.1}
                                                  % [1{/opt/homebrew/Cellar/tex
live/20260301/share/texmf-dist/fonts/enc/dvips/lm/lm-ts1.enc}]
LaTeX Font Info:    External font `lmex10' loaded for size
(Font)              <12> on input line 2.
 [2{/opt/homebrew/Cellar/texlive/20260301/share/texmf-dist/fonts/enc/dvips/lm/l
m-mathit.enc}{/opt/homebrew/Cellar/texlive/20260301/share/texmf-dist/fonts/enc/
dvips/lm/lm-rm.enc}] [3] [4] [5] [6])
\tf@toc=\write7
\openout7 = `ams_book.toc'.

 [7]
LaTeX Font Info:    Trying to load font information for T1+lmtt on input line 3
08.

(/opt/homebrew/Cellar/texlive/20260301/share/texmf-dist/tex/latex/lm/t1lmtt.fd
File: t1lmtt.fd 2015/05/01 v1.6.1 Font defs for Latin Modern
)
Package microtype Info: Loading generic protrusion settings for font family
(microtype)             `lmtt' (encoding: T1).
(microtype)             For optimal results, create family-specific settings.
(microtype)             See the microtype manual for details.
[8

] [1


]
\openout2 = `chapters/ch01_gaussian_elimination.aux'.

 (./chapters/ch01_gaussian_elimination.tex
Chapter 1.
LaTeX Font Info:    External font `lmex10' loaded for size
(Font)              <10> on input line 12.
LaTeX Font Info:    External font `lmex10' loaded for size
(Font)              <7> on input line 12.
LaTeX Font Info:    External font `lmex10' loaded for size
(Font)              <5> on input line 12.

LaTeX Warning: Citation `urschel2025numerical' on page 2 undefined on input lin
e 15.

! Undefined control sequence.
<recently read> \n 
                   
l.21 ... Key terms are defined in the glossary.}\n
                                                  
The control sequence at the end of the top line
of your error message was never \def'ed. If you have
misspelled it (e.g., `\hobx'), type `I' and the correct
spelling (e.g., `I\hbox'). Otherwise just continue,
and I'll forget about whatever was undefined.


Underfull \hbox (badness 5245) in paragraph at lines 24--25
[]\T1/lmr/m/n/10.95 (+20) You have solved a lin-ear sys-tem to-day. Whether you
 wrote \T1/lmtt/m/n/10.95 A \b \T1/lmr/m/n/10.95 (+20) in Ju-lia,
 []


LaTeX Warning: Citation `urschel2025numerical' on page 2 undefined on input lin
e 28.

[2


{/opt/homebrew/Cellar/texlive/20260301/share/texmf-dist/fonts/enc/dvips/lm/lm-m
athsy.enc}]
Package hyperref Info: bookmark level for unknown algorithm defaults to 0 on in
put line 72.
Package hyperref Info: bookmark level for unknown lstlisting defaults to 0 on i
nput line 98.
 [3{/opt/homebrew/Cellar/texlive/20260301/share/texmf-dist/fonts/enc/dvips/lm/l
m-mathex.enc}] [4]

LaTeX Warning: Citation `urschel2025numerical' on page 5 undefined on input lin
e 174.

[5]

LaTeX Warning: Citation `urschel2025numerical' on page 6 undefined on input lin
e 199.


LaTeX Warning: Citation `urschel2025numerical' on page 6 undefined on input lin
e 206.


LaTeX Warning: Citation `urschel2025numerical' on page 6 undefined on input lin
e 211.


LaTeX Warning: Citation `urschel2025numerical' on page 6 undefined on input lin
e 213.

[6] [7]

LaTeX Warning: Citation `urschel2025numerical' on page 8 undefined on input lin
e 326.

[8]

LaTeX Warning: Citation `urschel2025numerical' on page 9 undefined on input lin
e 383.

) [9] [10]
\openout2 = `chapters/ch02_fewnomial_theory.aux'.

 (./chapters/ch02_fewnomial_theory.tex
Chapter 2.
LaTeX Font Info:    External font `lmex10' loaded for size
(Font)              <24.88> on input line 4.
LaTeX Font Info:    External font `lmex10' loaded for size
(Font)              <20.74> on input line 4.
LaTeX Font Info:    External font `lmex10' loaded for size
(Font)              <17.28> on input line 4.

LaTeX Warning: Citation `rojas2025fewnomial' on page 11 undefined on input line
 6.


LaTeX Warning: Citation `rojas2025fewnomial' on page 11 undefined on input line
 16.

! Undefined control sequence.
<recently read> \n 
                   
l.22 ... Key terms are defined in the glossary.}\n
                                                  
The control sequence at the end of the top line
of your error message was never \def'ed. If you have
misspelled it (e.g., `\hobx'), type `I' and the correct
spelling (e.g., `I\hbox'). Otherwise just continue,
and I'll forget about whatever was undefined.


LaTeX Warning: Citation `rojas2025fewnomial' on page 11 undefined on input line
 31.

[11




]

LaTeX Warning: Citation `rojas2025fewnomial' on page 12 undefined on input line
 40.


LaTeX Warning: Citation `rojas2025fewnomial' on page 12 undefined on input line
 43.


LaTeX Warning: Citation `rojas2025fewnomial' on page 12 undefined on input line
 44.


LaTeX Warning: Citation `rojas2025fewnomial' on page 12 undefined on input line
 67.


LaTeX Warning: Citation `rojas2025fewnomial' on page 12 undefined on input line
 78.

LaTeX Font Info:    External font `lmex10' loaded for size
(Font)              <14.4> on input line 81.
[12]

LaTeX Warning: Citation `rojas2025fewnomial' on page 13 undefined on input line
 96.


LaTeX Warning: Citation `rojas2025fewnomial' on page 13 undefined on input line
 100.


LaTeX Warning: Citation `rojas2025fewnomial' on page 13 undefined on input line
 105.


LaTeX Warning: Citation `rojas2025fewnomial' on page 13 undefined on input line
 110.


LaTeX Warning: Citation `rojas2025fewnomial' on page 13 undefined on input line
 121.


LaTeX Warning: Citation `rojas2025fewnomial' on page 13 undefined on input line
 135.


(/opt/homebrew/Cellar/texlive/20260301/share/texmf-dist/tex/latex/listings/lstl
ang1.sty
File: lstlang1.sty 2025/11/14 1.11b listings language file
) [13] [14]

LaTeX Warning: Citation `rojas2025fewnomial' on page 15 undefined on input line
 201.


LaTeX Warning: Citation `rojas2025fewnomial' on page 15 undefined on input line
 202.


LaTeX Warning: Citation `rojas2025fewnomial' on page 15 undefined on input line
 203.


LaTeX Warning: Citation `rojas2025fewnomial' on page 15 undefined on input line
 210.


LaTeX Warning: Citation `rojas2025fewnomial' on page 15 undefined on input line
 219.


LaTeX Warning: Citation `rojas2025fewnomial' on page 15 undefined on input line
 220.

[15]

LaTeX Warning: Citation `rojas2025fewnomial' on page 16 undefined on input line
 255.


LaTeX Warning: Citation `rojas2025fewnomial' on page 16 undefined on input line
 267.

) [16]
\openout2 = `chapters/ch03_spectral_methods.aux'.

 (./chapters/ch03_spectral_methods.tex
Chapter 3.

LaTeX Warning: Citation `golub2026spectral' on page 17 undefined on input line 
5.


LaTeX Warning: Citation `golub2026spectral' on page 17 undefined on input line 
15.

! Undefined control sequence.
<recently read> \n 
                   
l.21 ... Key terms are defined in the glossary.}\n
                                                  
The control sequence at the end of the top line
of your error message was never \def'ed. If you have
misspelled it (e.g., `\hobx'), type `I' and the correct
spelling (e.g., `I\hbox'). Otherwise just continue,
and I'll forget about whatever was undefined.


LaTeX Warning: Citation `golub2026spectral' on page 17 undefined on input line 
24.

[17




]

LaTeX Warning: Citation `golub2026spectral' on page 18 undefined on input line 
36.


LaTeX Warning: Citation `golub2026spectral' on page 18 undefined on input line 
41.


LaTeX Warning: Citation `golub2026spectral' on page 18 undefined on input line 
44.


LaTeX Warning: Citation `golub2026spectral' on page 18 undefined on input line 
58.

[18]

LaTeX Warning: Citation `golub2026spectral' on page 19 undefined on input line 
114.


LaTeX Warning: Citation `golub2026spectral' on page 19 undefined on input line 
117.

! Missing \endcsname inserted.
<to be read again> 
                   \protect 
l.123 ...,caption=Network spectral analysis] \cite
                                                  {golub2026spectral}
The control sequence marked <to be read again> should
not appear between \csname and \endcsname.


LaTeX Warning: Citation `\endcsname ' on page 19 undefined on input line 123.


Package Listings Warning: Text dropped after begin of listing on input line 123
.

LaTeX Font Info:    Font shape `T1/lmtt/bx/n' in size <10> not available
(Font)              Font shape `T1/lmtt/b/n' tried instead on input line 124.
[19] [20]
! Missing \endcsname inserted.
<to be read again> 
                   \protect 
l.193 \end{lstlisting}
                      
The control sequence marked <to be read again> should
not appear between \csname and \endcsname.

[21]) [22]
! Extra \else.
\@include ...ediate \closeout \@partaux \fi \else 
                                                  \deadcycles \z@ \@nameuse ...
l.337 \include{chapters/ch03_spectral_methods}
                                              
I'm ignoring this; it doesn't match any \if.

[23



]
\openout2 = `chapters/ch04_deep_learning_geometry.aux'.

 (./chapters/ch04_deep_learning_geometry.tex
Chapter 4.

LaTeX Warning: Citation `balestriero2025geometry' on page 24 undefined on input
 line 15.

! Undefined control sequence.
<recently read> \n 
                   
l.21 ... Key terms are defined in the glossary.}\n
                                                  
The control sequence at the end of the top line
of your error message was never \def'ed. If you have
misspelled it (e.g., `\hobx'), type `I' and the correct
spelling (e.g., `I\hbox'). Otherwise just continue,
and I'll forget about whatever was undefined.


LaTeX Warning: Citation `balestriero2025geometry' on page 24 undefined on input
 line 27.


LaTeX Warning: Citation `balestriero2025geometry' on page 24 undefined on input
 line 36.

[24


]

LaTeX Warning: Citation `balestriero2025geometry' on page 25 undefined on input
 line 50.


LaTeX Warning: Citation `balestriero2025geometry' on page 25 undefined on input
 line 62.


LaTeX Warning: Citation `balestriero2025geometry' on page 25 undefined on input
 line 70.

[25]
! Use of \lstno@ doesn't match its definition.
\lst@SetFirstNumber ...@intname \endcsname \relax 
                                                  \ifnum \@tempcnta =\z@ \el...
l.117 ...ineCam: Visualizing network tessellation]
                                                  
If you say, e.g., `\def\a1{...}', then you must always
put `1' after `\a', since control sequence names are
made up of letters only. The macro here has not been
followed by the required stuff, so I'm ignoring it.


LaTeX Warning: Citation `balestriero2025geometry' on page 26 undefined on input
 line 139.

[26]
! Use of \lstno@ doesn't match its definition.
\lst@SetFirstNumber ...@intname \endcsname \relax 
                                                  \ifnum \@tempcnta =\z@ \el...
l.147 ...on,caption=MaGNET debiasing for StyleGAN]
                                                  
If you say, e.g., `\def\a1{...}', then you must always
put `1' after `\a', since control sequence names are
made up of letters only. The macro here has not been
followed by the required stuff, so I'm ignoring it.

! Missing \endcsname inserted.
<to be read again> 
                   \protect 
l.174 ...ine representation of a ReLU layer] \cite
                                                  {balestriero2025geometry}
The control sequence marked <to be read again> should
not appear between \csname and \endcsname.

! Use of \lstno@ doesn't match its definition.
\lst@SetFirstNumber ...no@\lst@intname \endcsname 
                                                  \relax \ifnum \@tempcnta =...
l.174 ...ine representation of a ReLU layer] \cite
                                                  {balestriero2025geometry}
If you say, e.g., `\def\a1{...}', then you must always
put `1' after `\a', since control sequence names are
made up of letters only. The macro here has not been
followed by the required stuff, so I'm ignoring it.


Package Listings Warning: Text dropped after begin of listing on input line 174
.

[27]
! Missing \endcsname inserted.
<to be read again> 
                   \protect 
l.226 \end{lstlisting}
                      
The control sequence marked <to be read again> should
not appear between \csname and \endcsname.


LaTeX Warning: Citation `balestriero2025geometry' on page 28 undefined on input
 line 232.

[28]

LaTeX Warning: Citation `balestriero2025geometry' on page 29 undefined on input
 line 278.


LaTeX Warning: Citation `balestriero2025geometry' on page 29 undefined on input
 line 282.


LaTeX Warning: Citation `balestriero2025geometry' on page 29 undefined on input
 line 290.

) [29]
! Extra \else.
\@include ...ediate \closeout \@partaux \fi \else 
                                                  \deadcycles \z@ \@nameuse ...
l.345 ...ude{chapters/ch04_deep_learning_geometry}
                                                  
I'm ignoring this; it doesn't match any \if.

\openout2 = `chapters/ch05_equivariant_nn.aux'.

(./chapters/ch05_equivariant_nn.tex
Chapter 5.

LaTeX Warning: Citation `lim2023equivariant' on page 30 undefined on input line
 5.


LaTeX Warning: Citation `lim2023equivariant' on page 30 undefined on input line
 12.


LaTeX Warning: Citation `lim2023equivariant' on page 30 undefined on input line
 15.

! Undefined control sequence.
<recently read> \n 
                   
l.21 ... Key terms are defined in the glossary.}\n
                                                  
The control sequence at the end of the top line
of your error message was never \def'ed. If you have
misspelled it (e.g., `\hobx'), type `I' and the correct
spelling (e.g., `I\hbox'). Otherwise just continue,
and I'll forget about whatever was undefined.


LaTeX Warning: Citation `lim2023equivariant' on page 30 undefined on input line
 26.


LaTeX Warning: Citation `lim2023equivariant' on page 30 undefined on input line
 30.

[30




]

LaTeX Warning: Citation `lim2023equivariant' on page 31 undefined on input line
 43.


LaTeX Warning: Citation `lim2023equivariant' on page 31 undefined on input line
 67.


LaTeX Warning: Citation `lim2023equivariant' on page 31 undefined on input line
 75.


LaTeX Warning: Citation `lim2023equivariant' on page 31 undefined on input line
 79.


LaTeX Warning: Citation `lim2023equivariant' on page 31 undefined on input line
 89.


LaTeX Warning: Citation `lim2023equivariant' on page 31 undefined on input line
 92.


LaTeX Warning: Citation `lim2023equivariant' on page 31 undefined on input line
 94.

[31]

LaTeX Warning: Citation `lim2023equivariant' on page 32 undefined on input line
 98.


LaTeX Warning: Citation `lim2023equivariant' on page 32 undefined on input line
 109.


LaTeX Warning: Citation `lim2023equivariant' on page 32 undefined on input line
 110.


LaTeX Warning: Citation `lim2023equivariant' on page 32 undefined on input line
 115.


LaTeX Warning: Citation `lim2023equivariant' on page 32 undefined on input line
 121.

! Missing \endcsname inserted.
<to be read again> 
                   \protect 
l.133 ...onvolution using steerable filters] \cite
                                                  {lim2023equivariant}
The control sequence marked <to be read again> should
not appear between \csname and \endcsname.

! Use of \lstno@ doesn't match its definition.
\lst@SetFirstNumber ...no@\lst@intname \endcsname 
                                                  \relax \ifnum \@tempcnta =...
l.133 ...onvolution using steerable filters] \cite
                                                  {lim2023equivariant}
If you say, e.g., `\def\a1{...}', then you must always
put `1' after `\a', since control sequence names are
made up of letters only. The macro here has not been
followed by the required stuff, so I'm ignoring it.


Package Listings Warning: Text dropped after begin of listing on input line 133
.

[32] [33]
! Missing \endcsname inserted.
<to be read again> 
                   \protect 
l.212 \end{lstlisting}
                      
The control sequence marked <to be read again> should
not appear between \csname and \endcsname.


LaTeX Warning: Citation `lim2023equivariant' on page 34 undefined on input line
 219.


LaTeX Warning: Citation `lim2023equivariant' on page 34 undefined on input line
 224.


LaTeX Warning: Citation `lim2023equivariant' on page 34 undefined on input line
 233.

[34]

LaTeX Warning: Citation `lim2023equivariant' on page 35 undefined on input line
 274.


LaTeX Warning: Citation `lim2023equivariant' on page 35 undefined on input line
 278.


LaTeX Warning: Citation `lim2023equivariant' on page 35 undefined on input line
 282.


LaTeX Warning: Citation `lim2023equivariant' on page 35 undefined on input line
 286.

) [35]
! Extra \else.
\@include ...ediate \closeout \@partaux \fi \else 
                                                  \deadcycles \z@ \@nameuse ...
l.346 \include{chapters/ch05_equivariant_nn}
                                            
I'm ignoring this; it doesn't match any \if.

\openout2 = `chapters/ch06_topological_ml.aux'.

(./chapters/ch06_topological_ml.tex
Chapter 6.

LaTeX Warning: Citation `rieck2025topology' on page 36 undefined on input line 
4.


LaTeX Warning: Citation `rieck2025topology' on page 36 undefined on input line 
12.


LaTeX Warning: Citation `rieck2025topology' on page 36 undefined on input line 
15.

! Undefined control sequence.
<recently read> \n 
                   
l.21 ... Key terms are defined in the glossary.}\n
                                                  
The control sequence at the end of the top line
of your error message was never \def'ed. If you have
misspelled it (e.g., `\hobx'), type `I' and the correct
spelling (e.g., `I\hbox'). Otherwise just continue,
and I'll forget about whatever was undefined.


LaTeX Warning: Citation `rieck2025topology' on page 36 undefined on input line 
24.


LaTeX Warning: Citation `rieck2025topology' on page 36 undefined on input line 
26.

[36




]

LaTeX Warning: Citation `rieck2025topology' on page 37 undefined on input line 
37.


LaTeX Warning: Citation `rieck2025topology' on page 37 undefined on input line 
40.


LaTeX Warning: Citation `rieck2025topology' on page 37 undefined on input line 
64.


LaTeX Warning: Citation `rieck2025topology' on page 37 undefined on input line 
72.


LaTeX Warning: Citation `rieck2025topology' on page 37 undefined on input line 
79.


LaTeX Warning: Citation `rieck2025topology' on page 37 undefined on input line 
84.

[37]
! Use of \lstno@ doesn't match its definition.
\lst@SetFirstNumber ...@intname \endcsname \relax 
                                                  \ifnum \@tempcnta =\z@ \el...
l.106 ...thon,caption=Discretized ECT computation]
                                                  
If you say, e.g., `\def\a1{...}', then you must always
put `1' after `\a', since control sequence names are
made up of letters only. The macro here has not been
followed by the required stuff, so I'm ignoring it.

[38]
! Use of \lstno@ doesn't match its definition.
\lst@SetFirstNumber ...@intname \endcsname \relax 
                                                  \ifnum \@tempcnta =\z@ \el...
l.185 ...n,caption=ECT-based shape classification]
                                                  
If you say, e.g., `\def\a1{...}', then you must always
put `1' after `\a', since control sequence names are
made up of letters only. The macro here has not been
followed by the required stuff, so I'm ignoring it.

[39]

LaTeX Warning: Citation `rieck2025topology' on page 40 undefined on input line 
245.

[40]

LaTeX Warning: Citation `rieck2025topology' on page 41 undefined on input line 
259.


LaTeX Warning: Citation `rieck2025topology' on page 41 undefined on input line 
263.


LaTeX Warning: Citation `rieck2025topology' on page 41 undefined on input line 
305.

) [41] [42] [43



]
\openout2 = `chapters/ch07_uq_tutorial.aux'.

 (./chapters/ch07_uq_tutorial.tex
Chapter 7.

LaTeX Warning: Citation `chen2025uq' on page 44 undefined on input line 15.

! Undefined control sequence.
<recently read> \n 
                   
l.21 ... Key terms are defined in the glossary.}\n
                                                  
The control sequence at the end of the top line
of your error message was never \def'ed. If you have
misspelled it (e.g., `\hobx'), type `I' and the correct
spelling (e.g., `I\hbox'). Otherwise just continue,
and I'll forget about whatever was undefined.


LaTeX Warning: Citation `chen2025uq' on page 44 undefined on input line 26.


LaTeX Warning: Citation `chen2025uq' on page 44 undefined on input line 27.


LaTeX Warning: Citation `chen2025uq' on page 44 undefined on input line 28.


LaTeX Warning: Citation `chen2025uq' on page 44 undefined on input line 29.

[44


]

LaTeX Warning: Citation `chen2025uq' on page 45 undefined on input line 57.


LaTeX Warning: Citation `chen2025uq' on page 45 undefined on input line 71.


LaTeX Warning: Citation `chen2025uq' on page 45 undefined on input line 86.


LaTeX Warning: Citation `chen2025uq' on page 45 undefined on input line 89.


LaTeX Warning: Citation `chen2025uq' on page 45 undefined on input line 94.


LaTeX Warning: Citation `chen2025uq' on page 45 undefined on input line 99.


LaTeX Warning: Citation `chen2025uq' on page 45 undefined on input line 102.

[45]
! Missing \endcsname inserted.
<to be read again> 
                   \protect 
l.110 ...lia,caption=Ensemble Kalman Filter] \cite
                                                  {chen2025uq}
The control sequence marked <to be read again> should
not appear between \csname and \endcsname.

! Use of \lstno@ doesn't match its definition.
\lst@SetFirstNumber ...no@\lst@intname \endcsname 
                                                  \relax \ifnum \@tempcnta =...
l.110 ...lia,caption=Ensemble Kalman Filter] \cite
                                                  {chen2025uq}
If you say, e.g., `\def\a1{...}', then you must always
put `1' after `\a', since control sequence names are
made up of letters only. The macro here has not been
followed by the required stuff, so I'm ignoring it.


Package Listings Warning: Text dropped after begin of listing on input line 110
.

[46]
! Missing \endcsname inserted.
<to be read again> 
                   \protect 
l.173 \end{lstlisting}
                      
The control sequence marked <to be read again> should
not appear between \csname and \endcsname.


LaTeX Warning: Citation `chen2025uq' on page 47 undefined on input line 209.

[47]) [48]
! Extra \else.
\@include ...ediate \closeout \@partaux \fi \else 
                                                  \deadcycles \z@ \@nameuse ...
l.355 \include{chapters/ch07_uq_tutorial}
                                         
I'm ignoring this; it doesn't match any \if.

\openout2 = `chapters/ch08_global_positioning.aux'.

(./chapters/ch08_global_positioning.tex
Chapter 8.

LaTeX Warning: Citation `boutin2025gps' on page 49 undefined on input line 15.

! Undefined control sequence.
<recently read> \n 
                   
l.21 ... Key terms are defined in the glossary.}\n
                                                  
The control sequence at the end of the top line
of your error message was never \def'ed. If you have
misspelled it (e.g., `\hobx'), type `I' and the correct
spelling (e.g., `I\hbox'). Otherwise just continue,
and I'll forget about whatever was undefined.


LaTeX Warning: Citation `boutin2025gps' on page 49 undefined on input line 24.

[49




]

LaTeX Warning: Citation `boutin2025gps' on page 50 undefined on input line 40.


LaTeX Warning: Citation `boutin2025gps' on page 50 undefined on input line 86.


LaTeX Warning: Citation `boutin2025gps' on page 50 undefined on input line 88.


LaTeX Warning: Citation `boutin2025gps' on page 50 undefined on input line 95.


LaTeX Warning: Citation `boutin2025gps' on page 50 undefined on input line 101.



LaTeX Warning: Citation `boutin2025gps' on page 50 undefined on input line 111.


Package microtype Info: Character `029' is missing
(microtype)             in font `T1/lmr/m/sc/10.95'.
(microtype)             Ignoring protrusion settings for this character.

LaTeX Warning: Citation `boutin2025gps' on page 50 undefined on input line 114.


[50]

LaTeX Warning: Citation `bancroft1985algebraic' on page 51 undefined on input l
ine 141.

! Missing \endcsname inserted.
<to be read again> 
                   \protect 
l.143 ...ulia,caption=GPS solver with noise] \cite
                                                  {boutin2025gps}
The control sequence marked <to be read again> should
not appear between \csname and \endcsname.

! Use of \lstno@ doesn't match its definition.
\lst@SetFirstNumber ...no@\lst@intname \endcsname 
                                                  \relax \ifnum \@tempcnta =...
l.143 ...ulia,caption=GPS solver with noise] \cite
                                                  {boutin2025gps}
If you say, e.g., `\def\a1{...}', then you must always
put `1' after `\a', since control sequence names are
made up of letters only. The macro here has not been
followed by the required stuff, so I'm ignoring it.


Package Listings Warning: Text dropped after begin of listing on input line 143
.

[51]
! Missing \endcsname inserted.
<to be read again> 
                   \protect 
l.198 \end{lstlisting}
                      
The control sequence marked <to be read again> should
not appear between \csname and \endcsname.


LaTeX Warning: Citation `boutin2025gps' on page 52 undefined on input line 204.



LaTeX Warning: Citation `boutin2025gps' on page 52 undefined on input line 207.



LaTeX Warning: Citation `boutin2025gps' on page 52 undefined on input line 214.


[52]

LaTeX Warning: Citation `boutin2025gps' on page 53 undefined on input line 222.



LaTeX Warning: Citation `bancroft1985algebraic' on page 53 undefined on input l
ine 222.


LaTeX Warning: Citation `boutin2025gps' on page 53 undefined on input line 223.



LaTeX Warning: Citation `strang1997gps' on page 53 undefined on input line 223.



LaTeX Warning: Citation `boutin2025gps' on page 53 undefined on input line 224.



Underfull \hbox (badness 2213) in paragraph at lines 254--258
[]\T1/lmr/bx/n/10.95 (+20) Exercise 8.1. []\T1/lmr/m/n/10.95 (+20) For 4 satel-
lites at $\OT1/lmr/m/n/10.95 (+20) (20000\OML/lmm/m/it/10.95 ; \OT1/lmr/m/n/10.
95 (+20) 0\OML/lmm/m/it/10.95 ; \OT1/lmr/m/n/10.95 (+20) 20000)$\T1/lmr/m/n/10.
95 (+20) , $\OT1/lmr/m/n/10.95 (+20) (0\OML/lmm/m/it/10.95 ; \OT1/lmr/m/n/10.95
 (+20) 20000\OML/lmm/m/it/10.95 ; \OT1/lmr/m/n/10.95 (+20) 20000)$\T1/lmr/m/n/1
0.95 (+20) , $\OT1/lmr/m/n/10.95 (+20) (\OMS/lmsy/m/n/10.95 ^^@\OT1/lmr/m/n/10.
95 (+20) 20000\OML/lmm/m/it/10.95 ; \OT1/lmr/m/n/10.95 (+20) 0\OML/lmm/m/it/10.
95 ; \OT1/lmr/m/n/10.95 (+20) 20000)$\T1/lmr/m/n/10.95 (+20) ,
 []


LaTeX Warning: Citation `boutin2025gps' on page 53 undefined on input line 261.



LaTeX Warning: Citation `boutin2025gps' on page 53 undefined on input line 265.



LaTeX Warning: Citation `boutin2025gps' on page 53 undefined on input line 269.


) [53]
! Extra \else.
\@include ...ediate \closeout \@partaux \fi \else 
                                                  \deadcycles \z@ \@nameuse ...
l.356 \include{chapters/ch08_global_positioning}
                                                
I'm ignoring this; it doesn't match any \if.

\openout2 = `chapters/ch09_dynamical_systems_3d.aux'.

(./chapters/ch09_dynamical_systems_3d.tex
Chapter 9.

LaTeX Warning: Citation `cabre2003parameterization' on page 54 undefined on inp
ut line 12.


LaTeX Warning: Citation `cabre2003parameterization' on page 54 undefined on inp
ut line 15.

! Undefined control sequence.
<recently read> \n 
                   
l.21 ... Key terms are defined in the glossary.}\n
                                                  
The control sequence at the end of the top line
of your error message was never \def'ed. If you have
misspelled it (e.g., `\hobx'), type `I' and the correct
spelling (e.g., `I\hbox'). Otherwise just continue,
and I'll forget about whatever was undefined.


LaTeX Warning: Citation `bishop2026printing' on page 54 undefined on input line
 24.


LaTeX Warning: Citation `cabre2003parameterization' on page 54 undefined on inp
ut line 28.

[54




]

LaTeX Warning: Citation `cabre2003parameterization' on page 55 undefined on inp
ut line 32.


LaTeX Warning: Citation `cabre2003parameterization' on page 55 undefined on inp
ut line 33.


LaTeX Warning: Citation `cabre2003parameterization' on page 55 undefined on inp
ut line 45.


LaTeX Warning: Citation `cabre2003parameterization' on page 55 undefined on inp
ut line 46.


LaTeX Warning: Citation `cabre2003parameterization' on page 55 undefined on inp
ut line 52.


LaTeX Warning: Citation `cabre2003parameterization' on page 55 undefined on inp
ut line 74.


LaTeX Warning: Citation `cabre2003parameterization' on page 55 undefined on inp
ut line 97.

[55]

LaTeX Warning: Citation `cabre2003parameterization' on page 56 undefined on inp
ut line 100.

! Missing \endcsname inserted.
<to be read again> 
                   \protect 
l.103 ...,caption=Global manifold extension] \cite
                                                  {cabre2003parameterization}
The control sequence marked <to be read again> should
not appear between \csname and \endcsname.

! Use of \lstno@ doesn't match its definition.
\lst@SetFirstNumber ...no@\lst@intname \endcsname 
                                                  \relax \ifnum \@tempcnta =...
l.103 ...,caption=Global manifold extension] \cite
                                                  {cabre2003parameterization}
If you say, e.g., `\def\a1{...}', then you must always
put `1' after `\a', since control sequence names are
made up of letters only. The macro here has not been
followed by the required stuff, so I'm ignoring it.


Package Listings Warning: Text dropped after begin of listing on input line 103
.

! Missing \endcsname inserted.
<to be read again> 
                   \protect 
l.120 \end{lstlisting}
                      
The control sequence marked <to be read again> should
not appear between \csname and \endcsname.

[56]

LaTeX Warning: Citation `cabre2003parameterization' on page 57 undefined on inp
ut line 129.


LaTeX Warning: Citation `cabre2003parameterization' on page 57 undefined on inp
ut line 132.

! Use of \lstno@ doesn't match its definition.
\lst@SetFirstNumber ...@intname \endcsname \relax 
                                                  \ifnum \@tempcnta =\z@ \el...
l.135 ...a,caption=Mesh generation and thickening]
                                                  
If you say, e.g., `\def\a1{...}', then you must always
put `1' after `\a', since control sequence names are
made up of letters only. The macro here has not been
followed by the required stuff, so I'm ignoring it.

[57]

LaTeX Warning: Citation `bishop2026printing' on page 58 undefined on input line
 179.


LaTeX Warning: Citation `cabre2003parameterization' on page 58 undefined on inp
ut line 179.


LaTeX Warning: Citation `bishop2026printing' on page 58 undefined on input line
 183.


LaTeX Warning: Citation `cabre2003parameterization' on page 58 undefined on inp
ut line 198.


LaTeX Warning: Citation `bishop2026printing' on page 58 undefined on input line
 206.


LaTeX Warning: Citation `krauskopf2005growing' on page 58 undefined on input li
ne 222.

[58]

LaTeX Warning: Citation `cabre2003parameterization' on page 59 undefined on inp
ut line 264.

) [59]
! Extra \else.
\@include ...ediate \closeout \@partaux \fi \else 
                                                  \deadcycles \z@ \@nameuse ...
l.357 \include{chapters/ch09_dynamical_systems_3d}
                                                  
I'm ignoring this; it doesn't match any \if.

[60



]
\openout2 = `chapters/ch10_dna_storage.aux'.

 (./chapters/ch10_dna_storage.tex
Chapter 10.

LaTeX Warning: Citation `barlev2022dna' on page 61 undefined on input line 12.


LaTeX Warning: Citation `barlev2022dna' on page 61 undefined on input line 15.

! Undefined control sequence.
<recently read> \n 
                   
l.21 ... Key terms are defined in the glossary.}\n
                                                  
The control sequence at the end of the top line
of your error message was never \def'ed. If you have
misspelled it (e.g., `\hobx'), type `I' and the correct
spelling (e.g., `I\hbox'). Otherwise just continue,
and I'll forget about whatever was undefined.

[61


]

LaTeX Warning: Citation `barlev2022dna' on page 62 undefined on input line 70.


LaTeX Warning: Citation `barlev2022dna' on page 62 undefined on input line 80.

[62]

LaTeX Warning: Citation `barlev2022dna' on page 63 undefined on input line 120.



LaTeX Warning: Citation `barlev2022dna' on page 63 undefined on input line 123.


! Use of \lstno@ doesn't match its definition.
\lst@SetFirstNumber ...@intname \endcsname \relax 
                                                  \ifnum \@tempcnta =\z@ \el...
l.126 ...ption=VT code single-deletion correction]
                                                  
If you say, e.g., `\def\a1{...}', then you must always
put `1' after `\a', since control sequence names are
made up of letters only. The macro here has not been
followed by the required stuff, so I'm ignoring it.

[63]

LaTeX Warning: Citation `barlev2022dna' on page 64 undefined on input line 165.


[64]

LaTeX Warning: Citation `barlev2022dna' on page 65 undefined on input line 213.


) [65]
\openout2 = `chapters/ch11_cyber_defense.aux'.

 (./chapters/ch11_cyber_defense.tex
Chapter 11.

LaTeX Warning: Citation `emanuello2022cyber' on page 66 undefined on input line
 5.


LaTeX Warning: Citation `emanuello2022cyber' on page 66 undefined on input line
 12.


LaTeX Warning: Citation `emanuello2022cyber' on page 66 undefined on input line
 15.

! Undefined control sequence.
<recently read> \n 
                   
l.21 ... Key terms are defined in the glossary.}\n
                                                  
The control sequence at the end of the top line
of your error message was never \def'ed. If you have
misspelled it (e.g., `\hobx'), type `I' and the correct
spelling (e.g., `I\hbox'). Otherwise just continue,
and I'll forget about whatever was undefined.


LaTeX Warning: Citation `emanuello2022cyber' on page 66 undefined on input line
 22.


LaTeX Warning: Citation `emanuello2022cyber' on page 66 undefined on input line
 36.

[66




]
! Use of \lstno@ doesn't match its definition.
\lst@SetFirstNumber ...@intname \endcsname \relax 
                                                  \ifnum \@tempcnta =\z@ \el...
l.47 ...ython,caption=Log embedding with Word2Vec]
                                                  
If you say, e.g., `\def\a1{...}', then you must always
put `1' after `\a', since control sequence names are
made up of letters only. The macro here has not been
followed by the required stuff, so I'm ignoring it.


LaTeX Warning: Citation `emanuello2022cyber' on page 67 undefined on input line
 71.


LaTeX Warning: Citation `emanuello2022cyber' on page 67 undefined on input line
 79.

! Missing \endcsname inserted.
<to be read again> 
                   \protect 
l.85 ...toencoder for log anomaly detection] \cite
                                                  {emanuello2022cyber}
The control sequence marked <to be read again> should
not appear between \csname and \endcsname.

! Use of \lstno@ doesn't match its definition.
\lst@SetFirstNumber ...no@\lst@intname \endcsname 
                                                  \relax \ifnum \@tempcnta =...
l.85 ...toencoder for log anomaly detection] \cite
                                                  {emanuello2022cyber}
If you say, e.g., `\def\a1{...}', then you must always
put `1' after `\a', since control sequence names are
made up of letters only. The macro here has not been
followed by the required stuff, so I'm ignoring it.


Package Listings Warning: Text dropped after begin of listing on input line 85.


[67]
! Missing \endcsname inserted.
<to be read again> 
                   \protect 
l.124 \end{lstlisting}
                      
The control sequence marked <to be read again> should
not appear between \csname and \endcsname.


LaTeX Warning: Citation `emanuello2022cyber' on page 68 undefined on input line
 128.


LaTeX Warning: Citation `emanuello2022cyber' on page 68 undefined on input line
 138.

[68]
! Missing \endcsname inserted.
<to be read again> 
                   \protect 
l.149 ...=RL environment for cyber response] \cite
                                                  {emanuello2022cyber}
The control sequence marked <to be read again> should
not appear between \csname and \endcsname.

! Use of \lstno@ doesn't match its definition.
\lst@SetFirstNumber ...no@\lst@intname \endcsname 
                                                  \relax \ifnum \@tempcnta =...
l.149 ...=RL environment for cyber response] \cite
                                                  {emanuello2022cyber}
If you say, e.g., `\def\a1{...}', then you must always
put `1' after `\a', since control sequence names are
made up of letters only. The macro here has not been
followed by the required stuff, so I'm ignoring it.


Package Listings Warning: Text dropped after begin of listing on input line 149
.

! Missing \endcsname inserted.
<to be read again> 
                   \protect 
l.173 \end{lstlisting}
                      
The control sequence marked <to be read again> should
not appear between \csname and \endcsname.


LaTeX Warning: Citation `emanuello2022cyber' on page 69 undefined on input line
 179.


LaTeX Warning: Citation `emanuello2022cyber' on page 69 undefined on input line
 185.

[69]

LaTeX Warning: Citation `emanuello2022cyber' on page 70 undefined on input line
 219.


LaTeX Warning: Citation `emanuello2022cyber' on page 70 undefined on input line
 230.


LaTeX Warning: Citation `emanuello2022cyber' on page 70 undefined on input line
 234.

) [70]
! Extra \else.
\@include ...ediate \closeout \@partaux \fi \else 
                                                  \deadcycles \z@ \@nameuse ...
l.366 \include{chapters/ch11_cyber_defense}
                                           
I'm ignoring this; it doesn't match any \if.

! Extra \else.
\@include ...ed}\fi \let \@auxout \@mainaux \else 
                                                  \@latex@warning {\noexpand...
l.366 \include{chapters/ch11_cyber_defense}
                                           
I'm ignoring this; it doesn't match any \if.


LaTeX Warning: \include should only be used after \begin{document} on input lin
e 366.

(./chapters/ch11_cyber_defense.tex
Chapter 12.

LaTeX Warning: Citation `emanuello2022cyber' on page 71 undefined on input line
 5.


LaTeX Warning: Citation `emanuello2022cyber' on page 71 undefined on input line
 12.


LaTeX Warning: Citation `emanuello2022cyber' on page 71 undefined on input line
 15.

! Undefined control sequence.
<recently read> \n 
                   
l.21 ... Key terms are defined in the glossary.}\n
                                                  
The control sequence at the end of the top line
of your error message was never \def'ed. If you have
misspelled it (e.g., `\hobx'), type `I' and the correct
spelling (e.g., `I\hbox'). Otherwise just continue,
and I'll forget about whatever was undefined.


LaTeX Warning: Citation `emanuello2022cyber' on page 71 undefined on input line
 22.


LaTeX Warning: Citation `emanuello2022cyber' on page 71 undefined on input line
 36.

[71



]
! Use of \lstno@ doesn't match its definition.
\lst@SetFirstNumber ...@intname \endcsname \relax 
                                                  \ifnum \@tempcnta =\z@ \el...
l.47 ...ython,caption=Log embedding with Word2Vec]
                                                  
If you say, e.g., `\def\a1{...}', then you must always
put `1' after `\a', since control sequence names are
made up of letters only. The macro here has not been
followed by the required stuff, so I'm ignoring it.


LaTeX Warning: Citation `emanuello2022cyber' on page 72 undefined on input line
 71.


LaTeX Warning: Citation `emanuello2022cyber' on page 72 undefined on input line
 79.

! Missing \endcsname inserted.
<to be read again> 
                   \protect 
l.85 ...toencoder for log anomaly detection] \cite
                                                  {emanuello2022cyber}
The control sequence marked <to be read again> should
not appear between \csname and \endcsname.

! Use of \lstno@ doesn't match its definition.
\lst@SetFirstNumber ...no@\lst@intname \endcsname 
                                                  \relax \ifnum \@tempcnta =...
l.85 ...toencoder for log anomaly detection] \cite
                                                  {emanuello2022cyber}
If you say, e.g., `\def\a1{...}', then you must always
put `1' after `\a', since control sequence names are
made up of letters only. The macro here has not been
followed by the required stuff, so I'm ignoring it.


Package Listings Warning: Text dropped after begin of listing on input line 85.


[72]
! Missing \endcsname inserted.
<to be read again> 
                   \protect 
l.124 \end{lstlisting}
                      
The control sequence marked <to be read again> should
not appear between \csname and \endcsname.


LaTeX Warning: Citation `emanuello2022cyber' on page 73 undefined on input line
 128.


LaTeX Warning: Citation `emanuello2022cyber' on page 73 undefined on input line
 138.

[73]
! Missing \endcsname inserted.
<to be read again> 
                   \protect 
l.149 ...=RL environment for cyber response] \cite
                                                  {emanuello2022cyber}
The control sequence marked <to be read again> should
not appear between \csname and \endcsname.

! Use of \lstno@ doesn't match its definition.
\lst@SetFirstNumber ...no@\lst@intname \endcsname 
                                                  \relax \ifnum \@tempcnta =...
l.149 ...=RL environment for cyber response] \cite
                                                  {emanuello2022cyber}
If you say, e.g., `\def\a1{...}', then you must always
put `1' after `\a', since control sequence names are
made up of letters only. The macro here has not been
followed by the required stuff, so I'm ignoring it.


Package Listings Warning: Text dropped after begin of listing on input line 149
.

! Missing \endcsname inserted.
<to be read again> 
                   \protect 
l.173 \end{lstlisting}
                      
The control sequence marked <to be read again> should
not appear between \csname and \endcsname.


LaTeX Warning: Citation `emanuello2022cyber' on page 74 undefined on input line
 179.


LaTeX Warning: Citation `emanuello2022cyber' on page 74 undefined on input line
 185.

[74]

LaTeX Warning: Citation `emanuello2022cyber' on page 75 undefined on input line
 219.


LaTeX Warning: Citation `emanuello2022cyber' on page 75 undefined on input line
 230.


LaTeX Warning: Citation `emanuello2022cyber' on page 75 undefined on input line
 234.

) [75]
\openout2 = `chapters/ch12_operads_systems.aux'.

 (./chapters/ch12_operads_systems.tex
Chapter 13.

LaTeX Warning: Citation `baez2021operads' on page 76 undefined on input line 6.



LaTeX Warning: Citation `baez2021operads' on page 76 undefined on input line 13
.


LaTeX Warning: Citation `baez2021operads' on page 76 undefined on input line 16
.

! Undefined control sequence.
<recently read> \n 
                   
l.22 ... Key terms are defined in the glossary.}\n
                                                  
The control sequence at the end of the top line
of your error message was never \def'ed. If you have
misspelled it (e.g., `\hobx'), type `I' and the correct
spelling (e.g., `I\hbox'). Otherwise just continue,
and I'll forget about whatever was undefined.


LaTeX Warning: Citation `baez2021operads' on page 76 undefined on input line 34
.


LaTeX Warning: Citation `baez2021operads' on page 76 undefined on input line 41
.

[76


]

LaTeX Warning: Citation `baez2021operads' on page 77 undefined on input line 60
.


LaTeX Warning: Citation `baez2021operads' on page 77 undefined on input line 78
.


LaTeX Warning: Citation `baez2021operads' on page 77 undefined on input line 88
.


LaTeX Warning: Citation `baez2021operads' on page 77 undefined on input line 90
.


LaTeX Warning: Citation `baez2021operads' on page 77 undefined on input line 93
.


LaTeX Warning: Citation `baez2021operads' on page 77 undefined on input line 99
.

[77]

LaTeX Warning: Citation `baez2021operads' on page 78 undefined on input line 10
5.


LaTeX Warning: Citation `baez2021operads' on page 78 undefined on input line 10
7.

! Missing \endcsname inserted.
<to be read again> 
                   \protect 
l.126 ...thon,caption=Network operad sketch] \cite
                                                  {baez2021operads}
The control sequence marked <to be read again> should
not appear between \csname and \endcsname.

! Use of \lstno@ doesn't match its definition.
\lst@SetFirstNumber ...no@\lst@intname \endcsname 
                                                  \relax \ifnum \@tempcnta =...
l.126 ...thon,caption=Network operad sketch] \cite
                                                  {baez2021operads}
If you say, e.g., `\def\a1{...}', then you must always
put `1' after `\a', since control sequence names are
made up of letters only. The macro here has not been
followed by the required stuff, so I'm ignoring it.


Package Listings Warning: Text dropped after begin of listing on input line 126
.

[78]
! Missing \endcsname inserted.
<to be read again> 
                   \protect 
l.175 \end{lstlisting}
                      
The control sequence marked <to be read again> should
not appear between \csname and \endcsname.


LaTeX Warning: Citation `baez2021operads' on page 79 undefined on input line 18
1.

[79]

LaTeX Warning: Citation `baez2021operads' on page 80 undefined on input line 22
2.


LaTeX Warning: Citation `baez2021operads' on page 80 undefined on input line 22
6.


LaTeX Warning: Citation `baez2021operads' on page 80 undefined on input line 23
4.

) [80]
! Extra \else.
\@include ...ediate \closeout \@partaux \fi \else 
                                                  \deadcycles \z@ \@nameuse ...
l.367 \include{chapters/ch12_operads_systems}
                                             
I'm ignoring this; it doesn't match any \if.

[81



]
\openout2 = `chapters/ch13_astronomy_inference.aux'.

 (./chapters/ch13_astronomy_inference.tex
Chapter 14.

LaTeX Warning: Citation `desouza2025astronomy' on page 82 undefined on input li
ne 5.


LaTeX Warning: Citation `desouza2025astronomy' on page 82 undefined on input li
ne 12.


LaTeX Warning: Citation `desouza2025astronomy' on page 82 undefined on input li
ne 15.

! Undefined control sequence.
<recently read> \n 
                   
l.21 ... Key terms are defined in the glossary.}\n
                                                  
The control sequence at the end of the top line
of your error message was never \def'ed. If you have
misspelled it (e.g., `\hobx'), type `I' and the correct
spelling (e.g., `I\hbox'). Otherwise just continue,
and I'll forget about whatever was undefined.


LaTeX Warning: Citation `desouza2025astronomy' on page 82 undefined on input li
ne 24.


LaTeX Warning: Citation `desouza2025astronomy' on page 82 undefined on input li
ne 32.


LaTeX Warning: Citation `desouza2025astronomy' on page 82 undefined on input li
ne 35.

[82


]

LaTeX Warning: Citation `desouza2025astronomy' on page 83 undefined on input li
ne 58.


LaTeX Warning: Citation `desouza2025astronomy' on page 83 undefined on input li
ne 61.

! Use of \lstno@ doesn't match its definition.
\lst@SetFirstNumber ...@intname \endcsname \relax 
                                                  \ifnum \@tempcnta =\z@ \el...
l.79 ...n,caption=HMC for cosmological parameters]
                                                  
If you say, e.g., `\def\a1{...}', then you must always
put `1' after `\a', since control sequence names are
made up of letters only. The macro here has not been
followed by the required stuff, so I'm ignoring it.

[83]

LaTeX Warning: Citation `desouza2025astronomy' on page 84 undefined on input li
ne 121.


LaTeX Warning: Citation `desouza2025astronomy' on page 84 undefined on input li
ne 124.

[84]

LaTeX Warning: Citation `desouza2025astronomy' on page 85 undefined on input li
ne 153.


LaTeX Warning: Citation `desouza2025astronomy' on page 85 undefined on input li
ne 197.

) [85]
\openout2 = `chapters/ch14_fair_data.aux'.

 (./chapters/ch14_fair_data.tex
Chapter 15.

LaTeX Warning: Citation `bacher2026fair' on page 86 undefined on input line 4.


LaTeX Warning: Citation `bacher2026fair' on page 86 undefined on input line 12.



LaTeX Warning: Citation `bacher2026fair' on page 86 undefined on input line 15.


! Undefined control sequence.
<recently read> \n 
                   
l.21 ... Key terms are defined in the glossary.}\n
                                                  
The control sequence at the end of the top line
of your error message was never \def'ed. If you have
misspelled it (e.g., `\hobx'), type `I' and the correct
spelling (e.g., `I\hbox'). Otherwise just continue,
and I'll forget about whatever was undefined.

[86




]

LaTeX Warning: Citation `bacher2026fair' on page 87 undefined on input line 32.


! Use of \lstno@ doesn't match its definition.
\lst@SetFirstNumber ...@intname \endcsname \relax 
                                                  \ifnum \@tempcnta =\z@ \el...
l.69 ...e .mrdi file for a phylogenetic invariant]
                                                  
If you say, e.g., `\def\a1{...}', then you must always
put `1' after `\a', since control sequence names are
made up of letters only. The macro here has not been
followed by the required stuff, so I'm ignoring it.

[87]
! Use of \lstno@ doesn't match its definition.
\lst@SetFirstNumber ...@intname \endcsname \relax 
                                                  \ifnum \@tempcnta =\z@ \el...
l.110 ...ia,caption=Verified computation in OSCAR]
                                                  
If you say, e.g., `\def\a1{...}', then you must always
put `1' after `\a', since control sequence names are
made up of letters only. The macro here has not been
followed by the required stuff, so I'm ignoring it.


LaTeX Warning: Citation `bacher2026fair' on page 88 undefined on input line 129
.

[88]

LaTeX Warning: Citation `bacher2026fair' on page 89 undefined on input line 151
.


LaTeX Warning: Citation `bacher2026fair' on page 89 undefined on input line 158
.


LaTeX Warning: Citation `bacher2026fair' on page 89 undefined on input line 159
.

[89]

LaTeX Warning: Citation `bacher2026fair' on page 90 undefined on input line 200
.

) [90]
\openout2 = `chapters/ch15_tomography.aux'.

 (./chapters/ch15_tomography.tex
Chapter 16.

LaTeX Warning: Citation `foschiatti2025tomography' on page 91 undefined on inpu
t line 6.


LaTeX Warning: Citation `foschiatti2025tomography' on page 91 undefined on inpu
t line 16.

! Undefined control sequence.
<recently read> \n 
                   
l.22 ... Key terms are defined in the glossary.}\n
                                                  
The control sequence at the end of the top line
of your error message was never \def'ed. If you have
misspelled it (e.g., `\hobx'), type `I' and the correct
spelling (e.g., `I\hbox'). Otherwise just continue,
and I'll forget about whatever was undefined.


LaTeX Warning: Citation `foschiatti2025tomography' on page 91 undefined on inpu
t line 25.

[91




]

LaTeX Warning: Citation `foschiatti2025tomography' on page 92 undefined on inpu
t line 38.


LaTeX Warning: Citation `foschiatti2025tomography' on page 92 undefined on inpu
t line 45.

! Use of \lstno@ doesn't match its definition.
\lst@SetFirstNumber ...@intname \endcsname \relax 
                                                  \ifnum \@tempcnta =\z@ \el...
l.66 ...ion=Arduino stepper control + camera sync]
                                                  
If you say, e.g., `\def\a1{...}', then you must always
put `1' after `\a', since control sequence names are
made up of letters only. The macro here has not been
followed by the required stuff, so I'm ignoring it.

[92]
! Use of \lstno@ doesn't match its definition.
\lst@SetFirstNumber ...@intname \endcsname \relax 
                                                  \ifnum \@tempcnta =\z@ \el...
l.105 ...,caption=FBP reconstruction using iradon]
                                                  
If you say, e.g., `\def\a1{...}', then you must always
put `1' after `\a', since control sequence names are
made up of letters only. The macro here has not been
followed by the required stuff, so I'm ignoring it.

! Use of \lstno@ doesn't match its definition.
\lst@SetFirstNumber ...@intname \endcsname \relax 
                                                  \ifnum \@tempcnta =\z@ \el...
l.127 ...piral segmentation via genetic algorithm]
                                                  
If you say, e.g., `\def\a1{...}', then you must always
put `1' after `\a', since control sequence names are
made up of letters only. The macro here has not been
followed by the required stuff, so I'm ignoring it.

[93]
! Use of \lstno@ doesn't match its definition.
\lst@SetFirstNumber ...@intname \endcsname \relax 
                                                  \ifnum \@tempcnta =\z@ \el...
l.152 ...g}[style=python,caption=Layer flattening]
                                                  
If you say, e.g., `\def\a1{...}', then you must always
put `1' after `\a', since control sequence names are
made up of letters only. The macro here has not been
followed by the required stuff, so I'm ignoring it.


LaTeX Warning: Citation `foschiatti2025tomography' on page 94 undefined on inpu
t line 182.

[94] [95]

LaTeX Warning: Citation `foschiatti2025tomography' on page 96 undefined on inpu
t line 261.


LaTeX Warning: Citation `foschiatti2025tomography' on page 96 undefined on inpu
t line 265.


LaTeX Warning: Citation `foschiatti2025tomography' on page 96 undefined on inpu
t line 273.

) [96] [97



]
\openout2 = `chapters/appendix_a_julia_quickstart.aux'.

 (./chapters/appendix_a_julia_quickstart.tex
Appendix A.
! Use of \lstno@ doesn't match its definition.
\lst@SetFirstNumber ...@intname \endcsname \relax 
                                                  \ifnum \@tempcnta =\z@ \el...
l.17     \begin{lstlisting}[language=Julia]
                                           
If you say, e.g., `\def\a1{...}', then you must always
put `1' after `\a', since control sequence names are
made up of letters only. The macro here has not been
followed by the required stuff, so I'm ignoring it.

! Use of \lstno@ doesn't match its definition.
\lst@SetFirstNumber ...@intname \endcsname \relax 
                                                  \ifnum \@tempcnta =\z@ \el...
l.31 \begin{lstlisting}[language=Julia]
                                       
If you say, e.g., `\def\a1{...}', then you must always
put `1' after `\a', since control sequence names are
made up of letters only. The macro here has not been
followed by the required stuff, so I'm ignoring it.

[98


]
! Use of \lstno@ doesn't match its definition.
\lst@SetFirstNumber ...@intname \endcsname \relax 
                                                  \ifnum \@tempcnta =\z@ \el...
l.53 \begin{lstlisting}[language=Julia]
                                       
If you say, e.g., `\def\a1{...}', then you must always
put `1' after `\a', since control sequence names are
made up of letters only. The macro here has not been
followed by the required stuff, so I'm ignoring it.

! Use of \lstno@ doesn't match its definition.
\lst@SetFirstNumber ...@intname \endcsname \relax 
                                                  \ifnum \@tempcnta =\z@ \el...
l.73 \begin{lstlisting}[language=Julia]
                                       
If you say, e.g., `\def\a1{...}', then you must always
put `1' after `\a', since control sequence names are
made up of letters only. The macro here has not been
followed by the required stuff, so I'm ignoring it.

! Use of \lstno@ doesn't match its definition.
\lst@SetFirstNumber ...@intname \endcsname \relax 
                                                  \ifnum \@tempcnta =\z@ \el...
l.95 \begin{lstlisting}[language=Julia]
                                       
If you say, e.g., `\def\a1{...}', then you must always
put `1' after `\a', since control sequence names are
made up of letters only. The macro here has not been
followed by the required stuff, so I'm ignoring it.

[99]
! Use of \lstno@ doesn't match its definition.
\lst@SetFirstNumber ...@intname \endcsname \relax 
                                                  \ifnum \@tempcnta =\z@ \el...
l.119 \begin{lstlisting}[language=Julia]
                                        
If you say, e.g., `\def\a1{...}', then you must always
put `1' after `\a', since control sequence names are
made up of letters only. The macro here has not been
followed by the required stuff, so I'm ignoring it.

! Use of \lstno@ doesn't match its definition.
\lst@SetFirstNumber ...@intname \endcsname \relax 
                                                  \ifnum \@tempcnta =\z@ \el...
l.139 \begin{lstlisting}[language=Julia]
                                        
If you say, e.g., `\def\a1{...}', then you must always
put `1' after `\a', since control sequence names are
made up of letters only. The macro here has not been
followed by the required stuff, so I'm ignoring it.

[100]
! Use of \lstno@ doesn't match its definition.
\lst@SetFirstNumber ...@intname \endcsname \relax 
                                                  \ifnum \@tempcnta =\z@ \el...
l.161 \begin{lstlisting}[language=Julia]
                                        
If you say, e.g., `\def\a1{...}', then you must always
put `1' after `\a', since control sequence names are
made up of letters only. The macro here has not been
followed by the required stuff, so I'm ignoring it.

) [101]
\openout2 = `chapters/appendix_b_linear_algebra.aux'.

 (./chapters/appendix_b_linear_algebra.tex
Appendix B.
[102




]

LaTeX Warning: `h' float specifier changed to `ht'.

) [103] [104] (./ams_book.bbl [105




])
No file ams_book.ind.
! Undefined control sequence.
\@glo@type ->\mainglossary 
                           
l.410 ...ssary[title=Glossary, type=\mainglossary]
                                                  
The control sequence at the end of the top line
of your error message was never \def'ed. If you have
misspelled it (e.g., `\hobx'), type `I' and the correct
spelling (e.g., `I\hbox'). Otherwise just continue,
and I'll forget about whatever was undefined.

! Undefined control sequence.
\@glo@type ->\mainglossary 
                           
l.410 ...ssary[title=Glossary, type=\mainglossary]
                                                  
The control sequence at the end of the top line
of your error message was never \def'ed. If you have
misspelled it (e.g., `\hobx'), type `I' and the correct
spelling (e.g., `I\hbox'). Otherwise just continue,
and I'll forget about whatever was undefined.

! Undefined control sequence.
\@glo@type ->\mainglossary 
                           
l.410 ...ssary[title=Glossary, type=\mainglossary]
                                                  
The control sequence at the end of the top line
of your error message was never \def'ed. If you have
misspelled it (e.g., `\hobx'), type `I' and the correct
spelling (e.g., `I\hbox'). Otherwise just continue,
and I'll forget about whatever was undefined.


Package glossaries Warning: Glossary `' doesn't exist on input line 410.

[106] (./ams_book.aux (./chapters/ch01_gaussian_elimination.aux)
(./chapters/ch02_fewnomial_theory.aux) (./chapters/ch03_spectral_methods.aux)
(./chapters/ch04_deep_learning_geometry.aux)
(./chapters/ch05_equivariant_nn.aux) (./chapters/ch06_topological_ml.aux)
(./chapters/ch07_uq_tutorial.aux) (./chapters/ch08_global_positioning.aux)
(./chapters/ch09_dynamical_systems_3d.aux) (./chapters/ch10_dna_storage.aux)
(./chapters/ch11_cyber_defense.aux) (./chapters/ch12_operads_systems.aux)
(./chapters/ch13_astronomy_inference.aux) (./chapters/ch14_fair_data.aux)
(./chapters/ch15_tomography.aux) (./chapters/appendix_a_julia_quickstart.aux)
(./chapters/appendix_b_linear_algebra.aux))
 ***********
LaTeX2e <2025-11-01>
L3 programming layer <2026-01-19>
 ***********


LaTeX Warning: There were undefined references.


LaTeX Warning: There were multiply-defined labels.

Package rerunfilecheck Info: File `ams_book.out' has not changed.
(rerunfilecheck)             Checksum: 183EB7FB8B036AA5A8730C240FBA6B83;41036.
 )
(\end occurred when \ifnum on line 367 was incomplete)
(\end occurred when \ifx on line 124 was incomplete)
(\end occurred when \iftrue on line 366 was incomplete)
(\end occurred when \ifx on line 366 was incomplete)
(\end occurred when \ifnum on line 366 was incomplete)
(\end occurred when \ifnum on line 357 was incomplete)
(\end occurred when \ifnum on line 356 was incomplete)
(\end occurred when \ifnum on line 355 was incomplete)
(\end occurred when \ifnum on line 346 was incomplete)
(\end occurred when \ifnum on line 345 was incomplete)
(\end occurred when \ifnum on line 337 was incomplete) 
Here is how much of TeX's memory you used:
 34836 strings out of 467525
 635577 string characters out of 5408440
 1617477 words of memory out of 5000000
 60888 multiletter control sequences out of 15000+600000
 818646 words of font info for 429 fonts, out of 8000000 for 9000
 1141 hyphenation exceptions out of 8191
 75i,14n,97p,2496b,2393s stack positions out of 10000i,1000n,20000p,200000b,200000s
</opt/homebrew/Cellar/tex
live/20260301/share/texmf-dist/fonts/type1/public/lm/lmbx10.pfb></opt/homebrew/
Cellar/texlive/20260301/share/texmf-dist/fonts/type1/public/lm/lmbx12.pfb></opt
/homebrew/Cellar/texlive/20260301/share/texmf-dist/fonts/type1/public/lm/lmbxi1
0.pfb></opt/homebrew/Cellar/texlive/20260301/share/texmf-dist/fonts/type1/publi
c/lm/lmcsc10.pfb></opt/homebrew/Cellar/texlive/20260301/share/texmf-dist/fonts/
type1/public/lm/lmex10.pfb></opt/homebrew/Cellar/texlive/20260301/share/texmf-d
ist/fonts/type1/public/lm/lmmi10.pfb></opt/homebrew/Cellar/texlive/20260301/sha
re/texmf-dist/fonts/type1/public/lm/lmmi12.pfb></opt/homebrew/Cellar/texlive/20
260301/share/texmf-dist/fonts/type1/public/lm/lmmi6.pfb></opt/homebrew/Cellar/t
exlive/20260301/share/texmf-dist/fonts/type1/public/lm/lmmi8.pfb></opt/homebrew
/Cellar/texlive/20260301/share/texmf-dist/fonts/type1/public/lm/lmmib10.pfb></o
pt/homebrew/Cellar/texlive/20260301/share/texmf-dist/fonts/type1/public/lm/lmr1
0.pfb></opt/homebrew/Cellar/texlive/20260301/share/texmf-dist/fonts/type1/publi
c/lm/lmr12.pfb></opt/homebrew/Cellar/texlive/20260301/share/texmf-dist/fonts/ty
pe1/public/lm/lmr6.pfb></opt/homebrew/Cellar/texlive/20260301/share/texmf-dist/
fonts/type1/public/lm/lmr8.pfb></opt/homebrew/Cellar/texlive/20260301/share/tex
mf-dist/fonts/type1/public/lm/lmr9.pfb></opt/homebrew/Cellar/texlive/20260301/s
hare/texmf-dist/fonts/type1/public/lm/lmri10.pfb></opt/homebrew/Cellar/texlive/
20260301/share/texmf-dist/fonts/type1/public/lm/lmri12.pfb></opt/homebrew/Cella
r/texlive/20260301/share/texmf-dist/fonts/type1/public/lm/lmri8.pfb></opt/homeb
rew/Cellar/texlive/20260301/share/texmf-dist/fonts/type1/public/lm/lmsy10.pfb><
/opt/homebrew/Cellar/texlive/20260301/share/texmf-dist/fonts/type1/public/lm/lm
sy6.pfb></opt/homebrew/Cellar/texlive/20260301/share/texmf-dist/fonts/type1/pub
lic/lm/lmsy8.pfb></opt/homebrew/Cellar/texlive/20260301/share/texmf-dist/fonts/
type1/public/lm/lmtk10.pfb></opt/homebrew/Cellar/texlive/20260301/share/texmf-d
ist/fonts/type1/public/lm/lmtt10.pfb></opt/homebrew/Cellar/texlive/20260301/sha
re/texmf-dist/fonts/type1/public/lm/lmtti10.pfb></opt/homebrew/Cellar/texlive/2
0260301/share/texmf-dist/fonts/type1/public/amsfonts/symbols/msbm10.pfb>
Output written on ams_book.pdf (115 pages, 901812 bytes).
PDF statistics:
 3572 PDF objects out of 3580 (max. 8388607)
 3364 compressed objects within 34 object streams
 1783 named destinations out of 2073 (max. 500000)
 100001 words of extra memory for PDF output out of 106986 (max. 10000000)

